source_job_id,title,company,city,state,country,created_at,description
5768551217,Software Engineer,Finastra Technology,Pune,Maharashtra,India,2026-06-19 02:32:24+00:00,"Who are we? At Finastra, we’re a global leader in financial services software, dedicated to expanding access to financial services and shaping what’s next for the industry. Our technology powers mission‑critical solutions across Lending, Payments and Universal Banking, supporting over 7,000 customers, including 80% of the world’s top 50 banks, in more than 110 countries. What will you contribute? Reporting to the Engineering Manager , the Software Engineer designs, develops, analyzes, and maint…"
5771929172,Software Engineer,Trimble,Chennai,Tamil Nadu,India,2026-06-22 02:27:29+00:00,"Shape the Future of Infrastructure Digitalization as a Software Engineer 1 (AECO / Owner & Public Sector) Are you a high-potential graduate or early-career engineer eager to build world-class SaaS solutions using the latest AI-augmented development tools? Our Owner & Public Sector team in India is looking for a Software Engineer 1 who is ready to jump into a high-velocity, modern development environment. You will have a unique opportunity to learn from global engineering leaders while working o…"
5771984628,Software Engineer,Zelis,,,India,2026-06-22 02:39:53+00:00,"About Us Zelis is modernizing the healthcare financial experience in the United States (U.S.) across payers, providers, and healthcare consumers. We serve more than 750 payers, including the top five national health plans, regional health plans, TPAs and millions of healthcare providers and consumers across our platform of solutions. Zelis sees across the system to identify, optimize, and solve problems holistically with technology built by healthcare experts – driving real, measurable results …"
5772985315,Software Engineer,Eurofins GSC IT DC,Bangalore,Karnataka,India,2026-06-23 05:55:07+00:00,"Job Description Senior Software Engineer as part of the respective scrum team should have the ability to analyze, code and deliver tasks as planned with defined quality Also appreciate to have the ability to learn and acquire new technology skills as a long term objective. This role expects the candidate to work closely with the scrum team effectively understand the requirements and think through all possible use cases and deliver a quality code per the defined standard and timelines. What we o…"
5773365170,Software Engineer,Capgemini,Bangalore,Karnataka,India,2026-06-23 14:56:42+00:00,"Choosing Capgemini means choosing a company where you will be empowered to shape your career in the way you’d like, where you’ll be supported and inspired by a collaborative community of colleagues around the world, and where you’ll be able to reimagine what’s possible. Join us and help the world’s leading organizations unlock the value of technology and build a more sustainable, more inclusive world. Your Role : Develop scalable backend services using ASP.NET Core, implementing RESTful APIs an…"
5774024619,Software Engineer,GE Vernova,,,India,2026-06-24 02:35:47+00:00,"Job Description Summary We are seeking a talented Software Engineer to join our team. The ideal candidate will possess strong skills in Python and Java. The primary responsibility will be to develop and maintain embedded software for our products, ensuring high-quality code and system reliability. Additionally, familiarity with IEC-61850 standards and knowledge of HVDC systems are considered advantageous. Job Description Key Responsibilities: Design, develop, test, and debug Python/Java based s…"
5774235889,Software Engineer/Sr. Software Engineer,Augusta Infotech,Bangalore,Karnataka,India,2026-06-24 07:22:51+00:00,"Big Data Developer with Java / Python / Scala and NoSQL (2 - 6 Years) Hiring: S/W Engineer / Senior S/W Engineer (2- 6yrs) from Java/ Python/ Scala with following skills and experience. Your Opportunity: To deliver results in a business driven by innovation at scale, you will need to be collaborative in a multi-disciplinary team. From designing algorithms to engaging clients to developing codes in Java, a career with us will never let your learning curve hit a saturation point. You will evolve …"
5774236635,Software Engineers,Augusta Infotech,Gurgaon,Haryana,India,2026-06-24 07:23:00+00:00,"The position is for Senior Analyst Programmer in Data team. The role involves development for the application involving strong Python programming, integration with Oracle DB interfaces, Bulk data distribution/consumption through data services, along with some exposure to PL/SQL, Performance Tuning knowledge on Oracle database platform. The candidate should have core skills of Python scripting. In addition, hands-on experience with Devops and Control-M technologies would be a plus. The successfu…"
5776518817,Software Engineer,Match Point Solutions,Bangalore,,India,2026-06-25 23:21:38+00:00,"About MatchPoint Solutions MatchPoint Solutions is a fast-growing global IT and Engineering services firm delivering innovative technology solutions to leading enterprises including Uber, Robinhood, Netflix, Airbnb, Google, and more. With a growing international presence across North America, Europe, Asia, and South America, we help organizations turn ideas into outcomes through cutting-edge technology, industry best practices, and deep technical expertise. We're expanding our team and looking …"
5776583344,Software Engineer,Recruitment Room,,,India,2026-06-26 00:35:21+00:00,"Software Engineer Contract Type: Contractor (1015 hours per week) Location: Remote Compensation: $20 $75 per hour Openings: 50 Job Summary We are seeking experienced Software Engineers to help train and evaluate next-generation AI systems through real-world engineering tasks. This role is ideal for developers who can reason through unfamiliar codebases, explain engineering decisions clearly, and solve practical backend, full-stack, systems, or infrastructure-related problems. A background in Cy…"
5776772795,Software Engineer,Bajaj Finance Limited,,,India,2026-06-26 02:36:11+00:00,Job Purpose Purpose of the job is to ensure Salesforce SME/B2C orgs deliveries from BLR ODC. Duties and Responsibilities Key Responsibilities: • Responsible for Change process management and status reporting • Understand the technology infrastructure and Application architecture end to end to improve technology platforms • Manage assigned projects within given time • Adhere to quality / info-security guidelines and processes including maintain adequate documentation • Coordinating and collabora…
5776786454,Software Engineer,CSC,Bangalore,Karnataka,India,2026-06-26 02:38:02+00:00,"Description Role : Software Engineer Location : Bengaluru Work Schedule : 12 pm - 9 pm Work Mode : Hybrid (3 day in office) Job Responsibilities: Collaborate proactively with a distributed team, including developers, quality assurance, project management, and product management teams to deliver quality software in a fast-paced environment Design, develop and deploy technical PEGA based software solutions Work in Agile / Scrum software delivery life cycle Provide input to technical design proces…"
5776799144,Software Engineer,eBay,Bangalore,Karnataka,India,2026-06-26 02:39:49+00:00,"At eBay, we're more than a global ecommerce leader — we’re changing the way the world shops and sells. Our platform empowers millions of buyers and sellers in more than 190 markets around the world. We’re committed to pushing boundaries and leaving our mark as we reinvent the future of ecommerce for enthusiasts. Our customers are our compass, authenticity thrives, bold ideas are welcome, and everyone can bring their unique selves to work — every day. We're in this together, sustaining the futur…"
5777263993,Software Engineer,NetApp,Bangalore,Karnataka,India,2026-06-26 10:38:52+00:00,"Job Summary Our mission at NetApp Instaclustr ( www.instaclustr.com ) is to make it easy for customers around the globe to run powerful open-source applications at scale - like Cassandra, Kafka, PostgreSQL, OpenSearch, Cadence, and ClickHouse, across both on-premises data-centres and in the cloud. The NetApp Instaclustr development team is responsible for building, maintaining and operating the platform that allows us to provision and reliably keep thousands of distributed application servers r…"
5777753871,Software Engineer,Weekday AI,,,India,2026-06-26 18:36:53+00:00,"This role is for one of Weekday’s clients Salary range: Rs 600000 - Rs 4200000 (ie INR 6 - 42 LPA) Min Experience: 3 years Location: banglaore JobType: full-time Requirements Have 3 years of experience building and shipping high-quality software in fast-moving teams. Min 3 years of experience with React, Typescript and NodeJS Write code with taste, empathy, and pride - you think about the person reading your code next. Have shipped real products at scale and know what it takes to keep them main…"
5778919609,Software Engineer,Persistent Systems,Nagpur,Maharashtra,India,2026-06-27 14:58:12+00:00,"About Persistent We are an AI-led, platform-driven Digital Engineering and Enterprise Modernization partner, combining deep technical expertise and industry experience to help our clients anticipate what’s next. Our offerings and proven solutions create a unique competitive advantage for our clients by giving them the power to see beyond and rise above. We work with many industry-leading organizations across the world, including 20 Fortune 50 companies and 4 of the 5 top banks in both the US an…"
5779379517,Software Engineer,Ford Motor,Chennai,Tamil Nadu,India,2026-06-28 02:28:27+00:00,"Description The candidate should have a strong background in 3DX Configuration, Data Model, Customization (Widget / webservices / Enovia), software development and Devops practices. As a Technical lead, you will be responsible for designing, developing, and implementing 3DX based / microservices-based applications . Responsibilities He / She would be responsible for designing, developing, and implementing 3DX solutions in BOM, Requirements mgmt., Verification & Validation, Change, Issue managem…"
5780528501,Software Engineer,Natwest Group,Bangalore,Karnataka,India,2026-06-29 02:35:52+00:00,"Join us as a Software Engineer This is an opportunity for a driven Software Engineer to take on an exciting new career challenge Day-to-day, you'll build a wide network of stakeholders of varying levels of seniority It’s a chance to hone your existing technical skills and advance your career We're offering this role at senior analyst level What you'll do In your new role, you’ll engineer and maintain innovative, customer centric, high performance, secure and robust solutions. You’ll be working …"
5780830354,Software Engineer,Microsoft Corporation,Bangalore,Karnataka,India,2026-06-29 10:31:27+00:00,"Overview Microsoft is a company where passionate innovators come to collaborate, envision what can be and take their careers further. This is a world of more possibilities, more innovation, more openness, and the sky is the limit thinking in a cloud-enabled world. Microsoft's Azure Data engineering team is leading the transformation of analytics in the world of data with products like databases, data integration, big data analytics, messaging & real-time analytics, and business intelligence. Th…"
5781141292,Software Engineer,Akamai Technologies,Bangalore,Karnataka,India,2026-06-29 18:13:08+00:00,"Job Description Do you relish the prospect of working with cutting edge technology? Do you love collaborating with teams to solve complex challenges? Join our world-class Cloud Manager Team Our Cloud Manager Team is a group of dedicated professionals shaping Akamai's aspirations to create an industry-leading user experience. We take ownership for the design and development for core interfaces, applications, APIs and services. We create an experience that allows customers and internal stakeholde…"
5781267914,Software Engineer,Trigent Software Private Limited,Hyderabad,,India,2026-06-29 23:20:10+00:00,"We are looking for a skilled Database Developer with 4 to 6 years of experience in Oracle PL/SQL engineering and database validation. In this role, you will design, develop, and optimize robust database architectures while taking hands-on responsibility for manual testing and verification of backend components. Primary skills - Oracle PL/SQL with design, development and Manual Testing. Core Java (added advantage). Key Responsibilities: Design, develop, and test moderately complex software syste…"
5782302099,Software Engineering - Custom Software Engineer,Trigent Software Private Limited,Gurgaon,,India,2026-06-30 23:27:13+00:00,"As a Custom Software Engineer, a typical day involves creating tailored software solutions by designing, coding, and improving various components within systems or applications. The role requires working with contemporary frameworks and following agile methodologies to ensure the delivery of scalable and efficient software that meets unique business requirements. Collaboration with team members and adapting to evolving project needs are integral parts of the daily workflow, fostering innovation…"
5782687184,Software Engineer,Trellix,Bangalore,Karnataka,India,2026-07-01 07:15:24+00:00,"Role Overview: Software Engineer having 2 to 5 years of experience in Mac/Linux Development environment (C, C++, OOPs Concepts, Swift, Data Structure and Algorithm, Multi-threading etc.) Experience in Mac/Linux internals and Security domain, in Crash dump analysis, shell scripting, Make file concept, JS, excellent debugging skills will be an added advantage. As a Software Engineer, you will be an integral part of the Trellix Endpoint Security for Mac team in India (Bangalore), responsible for d…"
5782848889,Software Engineer,02 May,Rajkot,Gujarat,India,2026-07-01 10:15:43+00:00,"We are looking for a passionate Software Engineer to design, develop, and install software solutions. Software Engineer responsibilities include gathering user requirements, defining system functionality and writing code in various languages, like Java, Ruby on Rails or .NET programming languages (e.g. C++ or JScript.NET.) Our ideal candidates are familiar with the software development life cycle (SDLC) from preliminary system analysis to tests and deployment. Ultimately, the role of the Softwa…"
5784086960,Software Engineer,Pratiti Technologies Pvt. Ltd.,Pune,,India,2026-07-02 00:14:16+00:00,"Bachelor’s or Master’s degree in Computer or Mechanical Engineering (BE/B.Tech/ME/MTech), Master of Computer Applications (MCA), or MSc in Mathematics is required. 3 to 6 years of software development experience in CAD/CAM/CAE/3D Graphics or PLM Client-Server applications. Strong expertise in C/C++ programming within CAD/CAM/CAE/Graphics/Visualization product development. Knowledge of COM, design patterns, OOAD, computational geometry algorithms, and familiarity with graphics libraries like Ope…"
5784353668,Software Engineer,Autodesk,,,India,2026-07-02 02:51:05+00:00,"Job Requisition ID  26WD99323 Position Overview We’re growing our Cloud Platform & Infrastructure Engineering team within Autodesk’s Digital Enterprise Services IT organization. This team leverages Software Engineering principles to build the foundations for the company’s business critical systems and processes, utilizing “cloud-first” platforms and services. Our engineering culture will empower you to make effective decisions, work collaboratively and take accountability for engineering projec…"
5785732148,Software Engineer,Experian,Hyderabad,Telangana,India,2026-07-03 00:06:50+00:00,"Job Description Design, develop, and maintain JavaScript-based mobile SDKs and integration layers for Android (Kotlin/Java) and iOS (Swift), ensuring performance, scalability, and reliability. Develop and support backend services and REST APIs using Java Spring Boot for scalable full‑stack solutions. Integrate AI/ML capabilities into applications (e.g., model inference, automation, intelligent decision systems). Collaborate with product, design, and data teams to build user‑centric solutions. E…"
5785770726,Senior Software Engineer,ABB,Bangalore,Karnataka,India,2026-07-03 00:54:11+00:00,"This job is with ABB, an inclusive employer and a member of myGwork – the largest global platform for the LGBTQ business community. Please do not contact the recruiter directly. At ABB, we help industries run leaner and cleaner—and every person here makes that happen. You’ll be empowered to lead, supported to grow, and proud of the impact we create together. Join us and help run what runs the world. This Position reports to: Principal Software Engineer ABB's Process Automation business area ena…"
5785771096,Manager of Software Engineering,Morningstar,Mumbai,Maharashtra,India,2026-07-03 00:54:13+00:00,"This job is with Morningstar, an inclusive employer and a member of myGwork – the largest global platform for the LGBTQ business community. Please do not contact the recruiter directly. Job Overview As an Engineering Manager, you will play a pivotal role in enabling a stream-aligned team focused on delivering a successful migration of datasets to a newly architected and designed pipeline. You will work closely with the Lead Software Development Engineer to ensure the team is empowered, autonomo…"
5785771281,Senior Software Engineer,Morningstar,Mumbai,Maharashtra,India,2026-07-03 00:54:14+00:00,"This job is with Morningstar, an inclusive employer and a member of myGwork – the largest global platform for the LGBTQ business community. Please do not contact the recruiter directly. Location: Mumbai Reports to: Tech Team Lead About the Role We are looking for a Software Developer/Data Scientist to join our Data Services team, specializing in delivering custom client-ready reports and managing data corrections. This role requires strong technical skills in Python, SQL, and Excel, combined wi…"
5785771302,Senior Software Engineer,Morningstar,Mumbai,Maharashtra,India,2026-07-03 00:54:15+00:00,"This job is with Morningstar, an inclusive employer and a member of myGwork – the largest global platform for the LGBTQ business community. Please do not contact the recruiter directly. Senior Software Engineer (Front End-Focused Full Stack, .NET & AWS) - Workplace Solutions Our Team: Technology drives our business. Our team is made up of talented software engineers, infrastructure engineers, leaders and UX professionals. We care about technology as a craft and a differentiator. We bring our gl…"
5785771816,"MTS2, Software Engineer",eBay,Bangalore,Karnataka,India,2026-07-03 00:54:20+00:00,"This job is with eBay, an inclusive employer and a member of myGwork – the largest global platform for the LGBTQ business community. Please do not contact the recruiter directly. At eBay, we're more than a global ecommerce leader - we're changing the way the world shops and sells. Our platform empowers millions of buyers and sellers in more than 190 markets around the world. We're committed to pushing boundaries and leaving our mark as we reinvent the future of ecommerce for enthusiasts. Our cu…"
5785771851,Software Engineer,Cornerstone OnDemand,Hyderabad,Telangana,India,2026-07-03 00:54:20+00:00,"This job is with Cornerstone OnDemand, an inclusive employer and a member of myGwork – the largest global platform for the LGBTQ business community. Please do not contact the recruiter directly. We are building next-generation platforms that leverage AI and machine learning to transform how organizations understand, develop, and deploy talent. Our applications serve enterprise clients and individual users through sophisticated web interfaces that handle complex data visualization, real-time ana…"
5785771924,Software Engineer,Morningstar,Mumbai,Maharashtra,India,2026-07-03 00:54:21+00:00,"This job is with Morningstar, an inclusive employer and a member of myGwork – the largest global platform for the LGBTQ business community. Please do not contact the recruiter directly. As a member of the Product and Engineering team at PitchBook, you will be part of a team of big thinkers, innovators and problem solvers who strive to deepen the positive impact we have on our customers and our company every day. We value curiosity and the drive to find better ways of doing things. We thrive on …"
5785772049,Software Engineering Lead,LexisNexis Legal & Professional®,Gurgaon,Haryana,India,2026-07-03 00:54:22+00:00,"This job is with LexisNexis Legal & Professional®, an inclusive employer and a member of myGwork – the largest global platform for the LGBTQ business community. Please do not contact the recruiter directly. Software Engineering Lead Are you interested in bringing your technical expertise to projects? Are you a detail-oriented paralegal with a 'can do' attitude? About our Team LexisNexis Legal & Professional, which serves customers in more than 150 countries with 11,300 employees worldwide, is p…"
5785772072,Software Engineer,ABB,Bangalore,Karnataka,India,2026-07-03 00:54:22+00:00,"This job is with ABB, an inclusive employer and a member of myGwork – the largest global platform for the LGBTQ business community. Please do not contact the recruiter directly. At ABB, we help industries run leaner and cleaner—and every person here makes that happen. You’ll be empowered to lead, supported to grow, and proud of the impact we create together. Join us and help run what runs the world. This Position reports to: Principal Software Engineer What we believe in ABB's Process Automatio…"
5785772511,Senior Software Engineer,Morningstar,Mumbai,Maharashtra,India,2026-07-03 00:54:27+00:00,"This job is with Morningstar, an inclusive employer and a member of myGwork – the largest global platform for the LGBTQ business community. Please do not contact the recruiter directly. Position Title: Senior Software Engineer The Group: Morningstar's Research group provides independent analysis on individual securities, funds, markets, and portfolios. The Research group also provides data on hundreds of thousands of investment offerings, including stocks, mutual funds, and similar vehicles, al…"
5785772605,Senior Software Engineer,eBay,Bangalore,Karnataka,India,2026-07-03 00:54:27+00:00,"This job is with eBay, an inclusive employer and a member of myGwork – the largest global platform for the LGBTQ business community. Please do not contact the recruiter directly. At eBay, we're more than a global ecommerce leader - we're changing the way the world shops and sells. Our platform empowers millions of buyers and sellers in more than 190 markets around the world. We're committed to pushing boundaries and leaving our mark as we reinvent the future of ecommerce for enthusiasts. Our cu…"
5785772514,Software Engineering Lead,RX Global,Chennai,Tamil Nadu,India,2026-07-03 00:54:27+00:00,"This job is with RX Global, an inclusive employer and a member of myGwork – the largest global platform for the LGBTQ business community. Please do not contact the recruiter directly. About Team: RX Global aims to create unforgettable experiences for attendees and exhibitors through organizing events. Innovation, creativity, and collaboration drive the company to offer exceptional services to clients. About the role: Lead teams. Build great software. Deliver real impact. We're looking for a Sof…"
5785773087,Software Engineer,Cornerstone OnDemand,Hyderabad,Telangana,India,2026-07-03 00:54:32+00:00,"This job is with Cornerstone OnDemand, an inclusive employer and a member of myGwork – the largest global platform for the LGBTQ business community. Please do not contact the recruiter directly. Cornerstone OnDemand is looking for a AI Engineer whowill lead the design and development of AI-powered solutions using MicrosoftAzure AI services, Copilot, and Generative AI technologies. You will beresponsible for building intelligent automation solutions, implementing AImodels, and creating custom Ge…"
5786031104,Software Engineer,ABB,Bangalore,Karnataka,India,2026-07-03 02:58:48+00:00,"At ABB, we help industries run leaner and cleaner—and every person here makes that happen. You’ll be empowered to lead, supported to grow, and proud of the impact we create together. Join us and help run what runs the world. This Position reports to: Principal Software Engineer What we believe in ABB's Process Automation business area enables customers to operate some of the world's largest and most complex industrial infrastructures, helping them outrun – leaner and cleaner. We offer a broad r…"
5786033328,Software Engineer,London Stock Exchange Group,,,India,2026-07-03 03:01:19+00:00,"LSEG Data & Analytics is one of the world’s largest providers of financial markets data and infrastructure. With over 40,000 customers and 400,000 end users across approximately 190 markets, we are an essential partner to the global financial community and redefining the future of data in financial services. We enable customers to draw crucial insights through data, feeds, analytics, AI and workflow solutions. Our engineers design, develop and deliver the products and services that reimagine ho…"
5786195088,Software Engineer,Scout Incorporation,,,India,2026-07-03 06:24:17+00:00,"We're looking for Software Engineers! Qualifications : Proficiency in software development or a related field Familiarity working on project(s) involving the implementation of solutions applying development life cycles (SDLC) through iterative agile development Familiarity working with any of the following: frontend technologies (user interface/user experience), middleware (microservices and application programming interfaces), database technologies, or DevOps Bachelors Degree in computer scien…"
5787032333,Software Engineer,NielsenIQ,Pune,Maharashtra,India,2026-07-04 00:44:33+00:00,"Job Description Responsibilities: Designs and develops scalable, reusable, and high-performance UI components and web applications. Implements modern frontend architectures using best practices (component-driven design, state management, modular structure). Builds responsive and accessible web applications ensuring cross-browser compatibility and optimal performance. Applies clean coding practices, SOLID principles, and design patterns to frontend development. Develops dynamic user interfaces w…"
5787126832,Software Engineer,Ignatiuz,Hyderabad,,India,2026-07-04 02:22:12+00:00,"Maintain and enhance the Conversion IDE, a .NET desktop application written in C# that the onboarding team uses to migrate new customer data into Evolution. Incorporate ongoing product updates into the C# NuGet package used by conversion specialists in the field. Design and build backend services and APIs (.NET 8) as the team transitions from the existing desktop tooling toward a new service-oriented conversion platform. Work with large, complex datasets and database operations, supporting data…"
5787270665,Software Engineer,Natwest Group,,,India,2026-07-04 02:45:22+00:00,"Join us as a Software Engineer This is an opportunity for a driven Software Engineer to take on an exciting new career challenge Day-to-day, you'll be engineering and maintaining innovative, customer centric, high performance, secure and robust solutions It’s a chance to hone your existing technical skills and advance your career while building a wide network of stakeholders We're offering this role at associate level What you'll do In your new role, you’ll be working within a feature team to e…"
5787272729,Software Engineer,Alteryx,Bangalore,Karnataka,India,2026-07-04 02:47:36+00:00,"Meet the Moment with Alteryx We're living through a once-in-a-generation shift in how work gets done. Data, automation, and AI are quickly becoming the center of every business decision - and Alteryx is leading the transformation. You'll be working on the challenges that sit at the heart of modern business. No matter your role, the work you do will help organizations move faster, see more clearly, and tackle questions that used to feel impossible. If you're ready to meet the moment with innovat…"
5787828521,Software Engineer,Visa,,,India,2026-07-04 15:03:38+00:00,"About Us Visa is a world leader in payments technology, facilitating transactions between consumers, merchants, financial institutions and government entities across more than 200 countries and territories, dedicated to uplifting everyone, everywhere by being the best way to pay and be paid. At Visa, you'll have the opportunity to create impact at scale — tackling meaningful challenges, growing your skills and seeing your contributions impact lives around the world. Join Visa and do work that m…"
5788362597,Software Engineer,Sagility,,,India,2026-07-05 03:32:28+00:00,"Sagility combines industry-leading technology and transformation-driven BPM services with decades of healthcare domain expertise to help clients draw closer to their members. The company optimizes the entire member/patient experience through service offerings for clinical, case management, member engagement, provider solutions, payment integrity, claims cost containment, and analytics. Sagility has more than 25,000 employees across 5 countries. Hands-on experience with specific analytics tools …"
5788399741,Software Engineer,Natwest Group,Bangalore,Karnataka,India,2026-07-05 03:34:44+00:00,"Join us as a Software Engineer This is an opportunity for a technically minded individual to join us as a Software Engineer You’ll be designing, producing, testing and implementing working software, working across the lifecycle of the system Hone your existing software engineering skills and advance your career in this critical role What you'll do Working in a permanent feature team, you’ll be developing knowledge of aspects of the associated platform across the disciplines of business, applica…"
5788462800,Software Engineer,Cisco Systems,Bangalore,Karnataka,India,2026-07-05 03:37:30+00:00,"Meet the Team Our Incident Command Software Engineering team is a diverse and hardworking group that shares a passion for sophisticated software and computer security. We stay a step ahead of the evolving threat landscape in an AI-enabled, fast-paced Agile environment, combining Kanban, continuous integration and deployment, and close collaboration with vendors, partners, and industry leaders. Your Impact As a Software Engineer, you will help build and extend next-generation incident detection …"
5789592659,Software Engineer,U.S. Bank,Chennai,Tamil Nadu,India,2026-07-06 10:42:14+00:00,"At U.S. Bancorp India, we're on a journey to do our best. We believe it takes all of us to bring our shared ambition to life, and each person is unique in their potential. A career with U.S. Bancorp India gives you a wide, ever-growing range of opportunities to discover what makes you thrive at every stage of your career. Try new things, learn new skills and discover what you excel at-all from Day One. Job Description Be a part of transformational change where integrity matters, success inspire…"
5790305415,Software Engineer,Bajaj Finance,,,India,2026-07-07 03:25:48+00:00,"Job Purpose Manage SFDC Delivery & Production Issue Duties and Responsibilities • Responsible for Business requirement, Technical design, Business test cases, Change process management and status reporting of SFDC Orgs. • Execute and liaison with end users for SFDC requirement • Developing scalable, secure, and customized solutions using tools such as Apex, Visualforce, and Lightning Web Components to meet business requirements • Creating and configuring custom objects, automation tools, and wo…"
5790410205,Software Engineering - Development,Kyndryl,,,India,2026-07-07 05:28:19+00:00,"This job is with Kyndryl, an inclusive employer and a member of myGwork – the largest global platform for the LGBTQ business community. Please do not contact the recruiter directly. Who We Are At Kyndryl, we run and reimagine the mission-critical technology systems that drive advantage for the world's leading businesses. We are at the heart of progress; with proven expertise and a continuous flow of AI-powered insight, enabling smarter decisions, faster innovation, and a lasting competitive edg…"
5790410289,Software Engineering QA,Kyndryl,,,India,2026-07-07 05:28:21+00:00,"This job is with Kyndryl, an inclusive employer and a member of myGwork – the largest global platform for the LGBTQ business community. Please do not contact the recruiter directly. Who We Are At Kyndryl, we run and reimagine the mission-critical technology systems that drive advantage for the world's leading businesses. We are at the heart of progress; with proven expertise and a continuous flow of AI-powered insight, enabling smarter decisions, faster innovation, and a lasting competitive edg…"
5790410300,Software Engineer II,Elsevier,Chennai,Tamil Nadu,India,2026-07-07 05:28:22+00:00,"This job is with Elsevier, an inclusive employer and a member of myGwork – the largest global platform for the LGBTQ business community. Please do not contact the recruiter directly. Would you like to be part of a team that delivers high-quality software to our customers? Are you a visible champion with a 'can do' attitude and enthusiasm that inspires others? About our Team : Our global team support products education electronic health records that introduce students to digital charting and pre…"
5790410640,Senior Software Engineer,Kyndryl,Pune,Maharashtra,India,2026-07-07 05:28:45+00:00,"This job is with Kyndryl, an inclusive employer and a member of myGwork – the largest global platform for the LGBTQ business community. Please do not contact the recruiter directly. Who We Are At Kyndryl, we run and reimagine the mission-critical technology systems that drive advantage for the world's leading businesses. We are at the heart of progress; with proven expertise and a continuous flow of AI-powered insight, enabling smarter decisions, faster innovation, and a lasting competitive edg…"
5790418042,Software Engineer,Karnataka Information Solution,Bangalore,Karnataka,India,2026-07-07 06:09:39+00:00,"Dear Candidate We have immediate vacancies for the post of Software Engineer Fresher Java Developer (link removed) Developer / Full Stack Developer / Front End Developer / HTML / NodeJS / ReactJS / Django / Web Developer / Graphic Designer / Android / Python Developer. Qualification : BE / B.Tech / MCA Freshers and Experienced Salary : 5 Lakhs Per Annum to 12 LPA Contact Mr Vasanth Managing Director 7353549756 / 8722187029 Karnataka Information Solution No.6, Basement Floor, ASVNV Bhavan, Opp S…"
5790876647,Software Engineer,Corsearch,Mumbai,Maharashtra,India,2026-07-07 15:01:40+00:00,"At Corsearch, we are dedicated to creating a world where consumers can trust the choices they make. As a global leader in Trademark and Brand Protection, we partner with businesses to safeguard their most valuable assets in an increasingly complex digital environment. Our comprehensive solutions, powered by AI-driven data and deep analytics, enable brands to establish, monitor, and protect their presence against infringement and counterfeiting. Why Choose Corsearch? Innovative Solutions : We co…"
5790907186,Software Engineer III,Elsevier,Bangalore,Karnataka,India,2026-07-07 15:28:27+00:00,"This job is with Elsevier, an inclusive employer and a member of myGwork – the largest global platform for the LGBTQ business community. Please do not contact the recruiter directly. Would you like to be part of a team that delivers high-quality software to our customers? Are you a highly visible champion with a 'can do' attitude and enthusiasm that inspires others? About the team: A global leader in information and analytics, we help researchers and healthcare professionals advance science and…"
5790907274,Software Engineer (ACP),Avaloq,Pune,Maharashtra,India,2026-07-07 15:28:34+00:00,"This job is with Avaloq, an inclusive employer and a member of myGwork – the largest global platform for the LGBTQ business community. Please do not contact the recruiter directly. Company Description Founded and headquartered in Switzerland, Avaloq is continuously expanding its global footprint with around 2,500 colleagues in 10 countries, and more than 160 clients in 35 countries. We are an industry-leading provider of wealth management technology and services for financial institutions aroun…"
5792256500,Software Engineer,Docusign,Bangalore,Karnataka,India,2026-07-08 15:16:31+00:00,"Company Overview Docusign brings agreements to life. Over 1.5 million customers and more than a billion people in over 180 countries use Docusign solutions to accelerate the process of doing business and simplify people’s lives. With intelligent agreement management, Docusign unleashes business-critical data that is trapped inside of documents. Until now, these were disconnected from business systems of record, costing businesses time, money, and opportunity. Using Docusign’s Intelligent Agreem…"
5793227879,Software Engineer,SentinelOne,Bangalore,Karnataka,India,2026-07-09 03:11:54+00:00,"Our Purpose At SentinelOne, we are driven by a clear purpose: to give the advantage to those who secure our future. As AI reshapes how organizations build, operate, and innovate, the responsibility to protect them becomes more critical than ever. When you join SentinelOne, your work helps protect global enterprises, critical infrastructure, and the technologies shaping tomorrow. If you are motivated by meaningful challenges and want your impact to be real, measurable, and global, you will find …"
5793371787,Software Engineer,Broccoli AI,Bangalore,Karnataka,India,2026-07-09 03:49:42+00:00,"About Broccoli Broccoli is building the AI operating system for home service businesses , an $800B market. We work with plumbing, HVAC, and electrical contractors — the people who keep homes running — and we replace fragmented tools and manual workflows with AI agents that actually do the work . Our AI assistants answer phones, book jobs, follow up with customers, and drive revenue — fully integrated into CRM systems like ServiceTitan. We started by going door-to-door, meeting 100 contractors, …"
5794153227,Software Engineer,Morningstar,Mumbai,Maharashtra,India,2026-07-09 17:58:24+00:00,"This job is with Morningstar, an inclusive employer and a member of myGwork – the largest global platform for the LGBTQ business community. Please do not contact the recruiter directly. Morningstar DBRS is a leading provider of independent credit rating services and opinions for corporate and sovereign entities, financial institutions, and project and structured finance instruments globally. Rating more than 4,500 issuers and 68,000 securities, we are one of the top four credit rating agencies …"
5794752776,Software Engineer,Rockwell Automation,,,India,2026-07-10 03:36:28+00:00,"Rockwell Automation is a global technology leader focused on helping the world’s manufacturers be more productive, sustainable, and agile. With more than 28,000 employees who make the world better every day, we know we have something special. Behind our customers - amazing companies that help feed the world, provide life-saving medicine on a global scale, and focus on clean water and green mobility - our people are energized problem solvers that take pride in how the work we do changes the worl…"
5794768004,Software Engineer,Kyndryl,Bangalore,Karnataka,India,2026-07-10 03:46:23+00:00,"This job is with Kyndryl, an inclusive employer and a member of myGwork – the largest global platform for the LGBTQ business community. Please do not contact the recruiter directly. Who We Are At Kyndryl, we run and reimagine the mission-critical technology systems that drive advantage for the world's leading businesses. We are at the heart of progress; with proven expertise and a continuous flow of AI-powered insight, enabling smarter decisions, faster innovation, and a lasting competitive edg…"
5795880158,Software Engineering - Custom Software Engineer,Trigent Software Private Limited,Gurgaon,,India,2026-07-10 23:26:22+00:00,"As a Custom Software Engineer, a typical day involves creating tailored software solutions by designing, coding, and improving various components within systems or applications. The role requires working closely with different teams to ensure that the software meets specific business requirements. The engineer applies modern development frameworks and follows agile methodologies to build scalable and efficient solutions. Collaboration and continuous enhancement of software components are key as…"
5795880183,Software Engineering - Custom Software Engineer,Trigent Software Private Limited,Pune,,India,2026-07-10 23:26:23+00:00,"As a Custom Software Engineer, a typical day involves designing, building, and configuring applications tailored to fulfill specific business processes and application needs. This role requires continuous engagement with evolving project requirements, ensuring that software solutions align with organizational goals. The position demands a proactive approach to problem-solving and collaboration with various stakeholders to deliver efficient and effective software products that support business o…"
5795883329,Software Engineer 3,eBay,Bangalore,Karnataka,India,2026-07-10 23:42:39+00:00,"This job is with eBay, an inclusive employer and a member of myGwork – the largest global platform for the LGBTQ business community. Please do not contact the recruiter directly. At eBay, we're more than a global ecommerce leader - we're changing the way the world shops and sells. Our platform empowers millions of buyers and sellers in more than 190 markets around the world. We're committed to pushing boundaries and leaving our mark as we reinvent the future of ecommerce for enthusiasts. Our cu…"
5795883420,Software Engineer 2,eBay,Bangalore,Karnataka,India,2026-07-10 23:43:06+00:00,"This job is with eBay, an inclusive employer and a member of myGwork – the largest global platform for the LGBTQ business community. Please do not contact the recruiter directly. At eBay, we're more than a global ecommerce leader - we're changing the way the world shops and sells. Our platform empowers millions of buyers and sellers in more than 190 markets around the world. We're committed to pushing boundaries and leaving our mark as we reinvent the future of ecommerce for enthusiasts. Our cu…"
5796134349,Software Engineer,ACI Worldwide,Bangalore,Karnataka,India,2026-07-11 03:15:35+00:00,"Description Powering the world’s payments ecosystem ACI powers the payments ecosystem – globally, and you power ACI. You’ll innovate, collaborate, and grow – in an energetic technology culture with decades of proven success. ACIers – in all roles and levels – are truly your colleagues and many are your friends. Our size and reach allow you to see the global impact of your work. You are visible, your talents are valued, and you are empowered to shape the future of payments. As a Senior SDET — Se…"
5796199331,Software Engineer,Welo Global,Ghaziabad,,India,2026-07-11 03:27:41+00:00,"About Welo Global Welo Global is a leader in multilingual AI, technology, and content solutions serving over 2,000 clients in 300 languages. The company combines globally scaled multilingual infrastructure, including a network of over 500,000 linguists and domain experts, with advanced NLP, computational linguistics, and best-in-class compliance backed by seven ISO certifications. Welo Global’s five brands—Welocalize (multilingual content and localization services for global enterprises), Park …"
5796412164,Software Engineer,RBL FinServe,Mumbai,Maharashtra,India,2026-07-11 07:19:49+00:00,RBL Bank Ltd is looking for Software Engineer to join our dynamic team and embark on a rewarding career journey Developing and directing software system validation and testing methods Directing our software programming initiatives Overseeing the development of documentation Working closely with clients and cross-functional departments to communicate project statuses and proposals Analyzing data to effectively coordinate the installation of new systems or the modification of existing systems Man…
5796412284,Software Engineer,RBL FinServe,Navi Mumbai,Maharashtra,India,2026-07-11 07:19:53+00:00,RBL Bank Ltd is looking for Software Engineer to join our dynamic team and embark on a rewarding career journey Developing and directing software system validation and testing methods Directing our software programming initiatives Overseeing the development of documentation Working closely with clients and cross-functional departments to communicate project statuses and proposals Analyzing data to effectively coordinate the installation of new systems or the modification of existing systems Man…
5797386462,Software Engineer,Kyndryl,,,India,2026-07-12 03:39:35+00:00,"Who We Are At Kyndryl, we run and reimagine the mission-critical technology systems that drive advantage for the world’s leading businesses. We are at the heart of progress; with proven expertise and a continuous flow of AI-powered insight, enabling smarter decisions, faster innovation, and a lasting competitive edge. For our people—Kyndryls—that means doing purposeful work that powers human progress. Join us and experience a flexible, supportive environment where your well-being is prioritized…"
5797637070,Software Engineer,Cognizant,Bangalore,Karnataka,India,2026-07-12 10:41:32+00:00,Job Summary Contribute as a software engineer in a hybrid work model building secure and resilient microservices and web applications using Java and Python technologies to support complex billing and revenue management solutions ensuring high performance data integrity and compliance while collaborating with cross functional teams to deliver scalable cloud native platforms for global customers. Responsibilities  Design and develop high quality backend services using Java versions eight eleven a…
5798570010,Software Engineer II,LexisNexis Legal & Professional®,Chennai,Tamil Nadu,India,2026-07-13 11:38:57+00:00,"This job is with LexisNexis Legal & Professional®, an inclusive employer and a member of myGwork – the largest global platform for the LGBTQ business community. Please do not contact the recruiter directly. Would you like to be part of a team that delivers high-quality software to our customers? Are you a highly visible champion with a 'can do' attitude and enthusiasm that inspires others? About our Team: LexisNexis Legal & Professional, which serves customers in more than 150 countries with 11…"
5798899016,Software Engineer,LevelShift,Chennai,Tamil Nadu,India,2026-07-13 21:08:00+00:00,"Are you a passionate and enthusiastic AI professional looking to build your career in Generative AI, Large Language Models (LLMs), and intelligent automation? Join LevelShift as an AI Engineer , where you'll design AI-native solutions, build intelligent automation pipelines, and develop next-generation AI applications that solve real business problems. You'll collaborate with product teams, software engineers, data professionals, and business stakeholders to deliver scalable, secure, and produc…"
5798989388,Software Engineering - Custom Software Engineer,Trigent Software Private Limited,Bangalore,,India,2026-07-13 23:25:20+00:00,"As a Custom Software Engineer, a typical day involves creating tailored software solutions by designing, coding, and improving various components within systems or applications. The role requires working closely with team members to ensure that the solutions are scalable and perform efficiently. Utilizing contemporary development frameworks and following agile methodologies, the engineer continuously adapts to evolving business requirements, delivering high-quality software that meets specific …"
5798989395,Software Engineering - Custom Software Engineer,Trigent Software Private Limited,Chennai,,India,2026-07-13 23:25:20+00:00,"Roles & Responsibilities 6 Years of exp in SQL Development & Database Management:Design, develop, and maintain complex SQL queries, stored procedures, views, and functions to support data processing and reporting needsCreate and manage database objects (tables, indexes, constraints) ensuring data integrity, security, and scalabilityOptimize database performance through query tuning, indexing strategies, and execution plan analysisAutomate repetitive tasks using SQL Agent jobs, scripts, and sche…"
5799881418,Technical Delivery Manager – Microsoft Technologies (.NET),Happiest Minds Technologies,Bangalore,Karnataka,India,2026-07-14 15:45:15+00:00,"Technical Delivery Manager (.NET Background) Experience : 18 – 22 years Location Bengaluru About the Role We are seeking an experienced Technical Delivery Manager – Project Management to lead the delivery of large-scale Application Development & Maintenance (ADM) engagements for a strategic global client. This leadership role is responsible for driving end-to-end delivery excellence, managing offshore operations, leading engineering teams of over 100 professionals, and building long-term client…"
5800170304,Software Engineering - Custom Software Engineer,Trigent Software Private Limited,Aurangabad,,India,2026-07-14 23:29:15+00:00,"As a Custom Software Engineer, you will engage in a dynamic work environment where you will analyze, design, code, and test various components of application code for multiple clients. Your typical day will involve collaborating with team members to ensure the successful implementation of software solutions, addressing any challenges that arise, and contributing to the overall enhancement of application functionality. You will also be responsible for maintaining existing systems while exploring…"
5800543447,Software Engineer,Eurofins GSC IT DC,Bangalore,Karnataka,India,2026-07-15 06:55:10+00:00,"Job Description Senior Software Engineer Eurofins IT Solutions, Bengaluru, Karnataka, India With 36 facilities worldwide, Eurofins BioPharma Product Testing (BPT) is the largest network of bio/pharmaceutical GMP product testing laboratories providing comprehensive laboratory services for the world's largest pharmaceutical, biopharmaceutical, and medical device companies. Behind the scenes, BPT is enabled by global engineering teams working on next-generation applications and Laboratory Informat…"
5800543793,Software Engineer,Hitachi Solutions India,Pune,Maharashtra,India,2026-07-15 06:55:11+00:00,"Job Description Azure Solution Engineer Overview The Azure Solution Engineer is responsible for designing, building, testing, deploying, and supporting end-to-end solutions on the Microsoft Azure platform. This role goes beyond traditional .NET full‑stack development and focuses on building AI-first, cloud-enabled, and automation-driven solutions using a mix of Pro-code (C#, Python, JavaScript/TypeScript and Azure scripting), DevOps, and Azure AI capabilities across the Azure ecosystem . The en…"
5800931673,Senior Software Engineer,ABB,Bangalore,Karnataka,India,2026-07-15 14:16:30+00:00,"This job is with ABB, an inclusive employer and a member of myGwork – the largest global platform for the LGBTQ business community. Please do not contact the recruiter directly. At ABB, we help industries run leaner and cleaner—and every person here makes that happen. You’ll be empowered to lead, supported to grow, and proud of the impact we create together. Join us and help run what runs the world. This Position reports to: Principal Software Engineer What we believe in ABB’s Process Automatio…"
5801459857,Software Engineering - Custom Software Engineer,Trigent Software Private Limited,Bangalore,,India,2026-07-15 23:26:20+00:00,"As a Custom Software Engineer, a typical day involves creating tailored software solutions by designing, coding, and improving various components within systems or applications. The role requires working with contemporary frameworks and following agile methodologies to ensure the delivery of scalable and efficient solutions that meet unique business requirements. Collaboration with different stakeholders and continuous refinement of software elements are integral parts of the daily workflow, fo…"
5801710643,Software Engineer,Jobgether,,,India,2026-07-16 03:16:30+00:00,"This position is listed on behalf of a partner company, who manages all applications and next steps. Our partner is looking for a Software Engineer based in India. This is a remote opportunity for a skilled backend developer to design, build, and maintain scalable software solutions that support digital products and services. The role focuses on developing reliable applications, improving system performance, and contributing to modern engineering practices. You will work across the full softwar…"
5803761650,Software Engineer,Applied Materials,,,India,2026-07-17 03:12:29+00:00,"Who We Are Applied Materials is a global leader in materials engineering solutions used to produce virtually every new chip and advanced display in the world. We design, build and service cutting-edge equipment that helps our customers manufacture display and semiconductor chips – the brains of devices we use every day. As the foundation of the global electronics industry, Applied enables the exciting technologies that literally connect our world – like AI and IoT. If you want to push the bound…"
5803820471,Software Engineer,Natwest Group,,,India,2026-07-17 03:21:57+00:00,"Join us as a Software Engineer This is an opportunity for a driven Software Engineer to take on an exciting new career challenge Day-to-day, you'll build a wide network of stakeholders of varying levels of seniority It’s a chance to hone your existing technical skills and advance your career We're offering this role at senior analyst level What you'll do In your new role, you’ll engineer and maintain innovative, customer centric, high performance, secure and robust solutions. You’ll be working …"
5803858592,Software Engineer,Maersk,,,India,2026-07-17 03:28:21+00:00,"A.P. Moller - Maersk A.P. Moller – Maersk is the global leader in container shipping services. The business operates in 130 countries and employs c. 80,000 staff. An integrated container logistics company, Maersk aims to connect and simplify its customers’ supply chains. We Offer Joining Maersk will embark you on a transformational journey with great opportunities for career development within a global organization. As a Senior Software Engineer, you will design, engineer and run our capabiliti…"
5803879794,Software Engineer,Microsoft,,,India,2026-07-17 03:31:30+00:00,"Overview Microsoft is a company where passionate innovators come to collaborate, envision what can be and take their careers further. This is a world of more possibilities, more innovation, more openness, and the sky is the limit thinking in a cloud-enabled world. Microsoft’s Azure Data engineering team is leading the transformation of analytics in the world of data with products like databases, data integration, big data analytics, messaging & real-time analytics, and business intelligence. Th…"
5805095037,Software Engineering - Custom Software Engineer,Trigent Software Private Limited,Akola,,India,2026-07-17 23:26:42+00:00,"As a Custom Software Engineer, a typical day involves creating tailored software solutions by designing, coding, and improving various components within systems or applications. The role requires working with contemporary frameworks and following agile methodologies to ensure the delivery of scalable and efficient software that meets unique business requirements. Collaboration with team members and adapting to evolving project needs are integral parts of the daily workflow, fostering innovation…"
5805287499,Software Engineer,Qualys,Pune,Maharashtra,India,2026-07-18 03:08:26+00:00,"Come work at a place where innovation and teamwork come together to support the most exciting missions in the world! Software Engineer – Platform & Middleware Job Summary We are seeking a talented and motivated Software Engineer to join Qualys’ next-generation Platform & Middleware team. This role is ideal for engineers who enjoy building scalable backend systems, solving distributed systems challenges, and contributing to the development of large-scale cloud-native platforms. You will particip…"
5805297722,Software Engineer,KLA,,,India,2026-07-18 03:10:24+00:00,"Company Overview KLA is a global leader in diversified electronics for the semiconductor manufacturing ecosystem. Virtually every electronic device in the world is produced using our technologies. No laptop, smartphone, wearable device, voice-controlled gadget, flexible screen, VR device or smart car would have made it into your hands without us. KLA invents systems and solutions for the manufacturing of wafers and reticles, integrated circuits, packaging, printed circuit boards and flat panel …"
5805314029,Software Engineer,Cisco Systems,Bangalore,Karnataka,India,2026-07-18 03:13:13+00:00,"Meet the Team We, Security, Solutions and SD-WAN Platform Infra, are a team focused on building next-generation secure connectivity solutions across VPN, cryptography, PKI, and SD-WAN. Across on-prem, cloud, and SSE/SIG environments, we deliver secure, scalable systems and apply AI intelligence to improve security posture, automate certificate lifecycle management, optimize performance, and enable predictive monitoring at scale. Our work spans SD-WAN Platform Infrastructure, crypto infrastructu…"
5805332556,Software Engineer,Wells Fargo Bank,,,India,2026-07-18 03:16:05+00:00,"About this role: Wells Fargo is seeking a Software Engineer. In this role, you will: Participate in low to moderately complex initiatives and projects associated with the technology domain, including installation, upgrades, and deployment efforts Identify opportunities for service quality and availability improvements within the technology domain environment Design, code, test, debug, and document for low to moderately complex projects and programs associated with technology domain, including u…"
5805402315,Software Engineer,Turing,,,India,2026-07-18 03:32:28+00:00,"About Turing Based in San Francisco, California, Turing is the world’s leading research accelerator for frontier AI labs and a trusted partner for global enterprises looking to deploy advanced AI systems. Turing accelerates frontier research with high-quality data, specialized talent, and training pipelines that advance thinking, reasoning, coding, multimodality, and STEM. For enterprises, Turing builds proprietary intelligence systems that integrate AI into mission-critical workflows, unlock t…"
5806010011,Software Engineer,Capgemini,Chennai,Tamil Nadu,India,2026-07-18 15:12:30+00:00,"Job Description Works in the area of Software Engineering, which encompasses the development, maintenance and optimization of software solutions/applications. Applies scientific methods to analyse and solve software engineering problems. He/she is responsible for the development and application of software engineering practice and knowledge, in research, design, development and maintenance. His/her work requires the exercise of original thought and judgement and the ability to supervise the tec…"
5806276874,Senior Software Engineer (Fullstack),Avaloq,Pune,Maharashtra,India,2026-07-18 22:17:52+00:00,"This job is with Avaloq, an inclusive employer and a member of myGwork – the largest global platform for the LGBTQ business community. Please do not contact the recruiter directly. Company Description Founded and headquartered in Switzerland, Avaloq is continuously expanding its global footprint with around 2,500 colleagues in 10 countries, and more than 160 clients in 35 countries. We are an industry-leading provider of wealth management technology and services for financial institutions aroun…"
5806276949,Software Engineer,ABB,Bangalore,Karnataka,India,2026-07-18 22:18:08+00:00,"This job is with ABB, an inclusive employer and a member of myGwork – the largest global platform for the LGBTQ business community. Please do not contact the recruiter directly. At ABB, we help industries run leaner and cleaner—and every person here makes that happen. You’ll be empowered to lead, supported to grow, and proud of the impact we create together. Join us and help run what runs the world. This Position reports to: Principal Software Engineer What we believe in ABB’s Process Automatio…"
5806556294,Software Engineer,Barclays,,,India,2026-07-19 03:33:12+00:00,"Job Description Purpose of the role To design, develop and improve software, utilising various engineering methodologies, that provides business, platform, and technology capabilities for our customers and colleagues. Accountabilities Development and delivery of high-quality software solutions by using industry aligned programming languages, frameworks, and tools. Ensuring that code is scalable, maintainable, and optimized for performance. Cross-functional collaboration with product managers, d…"
5806704592,Senior Software Engineer / Software Engineer,Blueberry Digital Labs,Hyderabad,Telangana,India,2026-07-19 07:23:52+00:00,"Blueberry Digital Labs is seeking a talented and motivated Software Engineer to join our team. In this role, you will be instrumental in the development, testing, deployment, and maintenance of our PHP web applications . We are looking for individuals who can contribute to building scalable and robust architecture and help us maintain and refine our development environments. What You Will Do: Key Responsibilities Develop, test, deploy, and maintain PHP web applications . Design scalable and rob…"
5806895190,Software Engineer,"Applied Systems, Inc.",Bangalore,Karnataka,India,2026-07-19 10:34:54+00:00,"Amazing Career Moments Happen Here Transforming the insurance industry is ambitious, we know. That’s why at Applied Systems India Pvt Ltd., an Applied Systems company, we’re building a team that shows up every day ready to learn, willing to try new things, and driven to deliver innovative software and services that make us indispensable to our customers – all within a culture built on values that make us indispensable to each other too. With 40 years of experience in the Insurtech game, we’re n…"
5808711789,Software Engineer,Eurofins GSC IT DC,Bangalore,Karnataka,India,2026-07-21 07:02:09+00:00,"Job Description Eurofins IT Solutions India Pvt Ltd (EITSI) is a fully owned subsidiary of Eurofins and functions as a Global Software Delivery Center exclusively catering to Eurofins Global IT business needs. The code shipped out of EITSI impacts the global network of Eurofins labs and services. The primary focus at EITSI is to develop the next generation LIMS (Lab Information Management system), Customer portals, e-commerce solutions, ERP/CRM system, Mobile Apps & other B2B platforms for vari…"
5809380556,"Director, Software Engineering",S&P Global,,,India,2026-07-21 19:43:06+00:00,"This job is with S&P Global, an inclusive employer and a member of myGwork – the largest global platform for the LGBTQ business community. Please do not contact the recruiter directly. About the Role: Grade Level (for internal use): 13 About the Role We are looking for a Director, Software Engineer who thrives on building high-performance, scalable, and AI-augmented enterprise applications. This role demands strong backend engineering in Java , while delivering full-stack solutions with a stron…"
5809380584,"Specialist Software Engineering, Full-Stack",MSD,Hyderabad,Telangana,India,2026-07-21 19:43:13+00:00,"This job is with MSD, an inclusive employer and a member of myGwork – the largest global platform for the LGBTQ business community. Please do not contact the recruiter directly. Job Description The Opportunity Based in Hyderabad, join a global healthcare biopharma company and be part of a 130- year legacy of success backed by ethical integrity, forward momentum, and an inspiring mission to achieve new milestones in global healthcare. Be part of an organisation driven by digital technology and d…"
5809629149,Software Engineer,Eurofins GSC IT DC,Bangalore,Karnataka,India,2026-07-22 01:02:21+00:00,"Job Description Required Experience and Skills Experience: 1-4 years of experience with developing end-to-end web applications using Microsoft stack of technologies. Strong working knowledge of Web application development using .NET, C#, Asp.net, MVC, WebAPI. Strong Working knowledge of Angular 2 or above, JavaScript, TypeScript, jQuery, HTML5 and CSS3. Good working knowledge of Cosmos DB, MSSQL – SQL etc. Experience with usage of TFS Familiar UI testing and Unit Testing (MS Test/ Jasmine/ MOQ/…"
5810710755,Senior Software Engineer I,LexisNexis Legal & Professional®,Bangalore,Karnataka,India,2026-07-22 15:44:01+00:00,"This job is with LexisNexis Legal & Professional®, an inclusive employer and a member of myGwork – the largest global platform for the LGBTQ business community. Please do not contact the recruiter directly. Would you like to be part of a team that delivers high-quality software to our customers? Are you a highly visible champion with a 'can do' attitude and enthusiasm that inspires others? About our Team: LexisNexis Legal & Professional, which serves customers in more than 150 countries with 11…"
5810904557,Software Engineer,Weekday AI,,,India,2026-07-22 19:07:29+00:00,"This role is for one of the Weekday's clients Min Experience: 3 years Location: Chennai, Tamil Nadu, India JobType: full-time We are looking for a Software Engineer II to join one of our Scrum teams building AI-native, event-driven services for automotive retail intelligence. This is a core contributor role for engineers with 2–4 years of experience who are ready to take end-to-end ownership of features, grow their distributed systems skills, and work in a high-velocity environment that demands…"
5811118920,Software Engineering - Custom Software Engineer,Trigent Software Private Limited,Chennai,,India,2026-07-22 23:27:31+00:00,"As a Custom Software Engineer, a typical day involves creating tailored software solutions by designing, coding, and improving various components within systems or applications. The role requires working with contemporary development frameworks and following agile methodologies to ensure the delivery of scalable and efficient software that meets unique business requirements. Collaboration with different teams and continuous refinement of software elements are integral parts of the daily workflo…"
5811118946,-Software Engineer,Trigent Software Private Limited,,,India,2026-07-22 23:27:31+00:00,"What you'll Do Work closely with other Product teams across Experience Cloud solutions to get alignment on Product Measurement Strong technical curiosity coupled with business intelligence and a deep understanding of internal customer needs so that they can be transformed into application and operational requirements. Partner with the product teams to set business objectives (metrics), build dashboards that support ongoing analysis. Collaborate with cross-functional teams across solutions to dr…"
5811132532,Software Engineer,Eurofins GSC IT DC,Bangalore,Karnataka,India,2026-07-23 01:03:08+00:00,"Job Description Software Engineer – Full Stack (.NET  Angular  SQL  Azure) Experience: 1–4 Years Location: Bangalore Position Type: Full-time About the Role We are seeking a highly capable Full Stack Senior Software Engineer with strong hands-on expertise in Angular (primary focus) along with C#, .NET Core, SQL, and Azure. The candidate will be deeply involved in building rich, responsive, and scalable front-end applications using Angular, combined with solid backend development. This role requ…"
5811159048,"Senior Specialist, Software Engineering",MSD,Hyderabad,Telangana,India,2026-07-23 02:11:10+00:00,"This job is with MSD, an inclusive employer and a member of myGwork – the largest global platform for the LGBTQ business community. Please do not contact the recruiter directly. Job Description The Opportunity Based in Hyderabad, join a global healthcare biopharma company and be part of a 130- year legacy of success backed by ethical integrity, forward momentum, and an inspiring mission to achieve new milestones in global healthcare. Be part of an organisation driven by digital technology and d…"
5811159047,Sr. Software Engineer - GIS,S&P Global,Hyderabad,Telangana,India,2026-07-23 02:11:10+00:00,"This job is with S&P Global, an inclusive employer and a member of myGwork – the largest global platform for the LGBTQ business community. Please do not contact the recruiter directly. About the Role: Grade Level (for internal use): 10 Senior GIS Software Engineer: Join a collaborative team of GIS professionals dedicated to innovation in the energy sector. We value creativity, advanced technology, and data visualization to deliver exceptional user experiences, while fostering a supportive, grow…"
5811159049,"Sr. Specialist, Software Engineering",MSD,Hyderabad,Telangana,India,2026-07-23 02:11:11+00:00,"This job is with MSD, an inclusive employer and a member of myGwork – the largest global platform for the LGBTQ business community. Please do not contact the recruiter directly. Job Description The Opportunity Based in Hyderabad, join a global healthcare biopharma company and be part of a 130- year legacy of success backed by ethical integrity, forward momentum, and an inspiring mission to achieve new milestones in global healthcare. Be part of an organisation driven by digital technology and d…"
5811159050,DS & AI Full Stack Engineer,Pfizer,Mumbai,Maharashtra,India,2026-07-23 02:11:11+00:00,"This job is with Pfizer, an inclusive employer and a member of myGwork – the largest global platform for the LGBTQ business community. Please do not contact the recruiter directly. Job Description ROLE SUMMARY The AI Acceleration (AIA) function within the Chief Marketing Office (CMO) is the single, business-led engine that owns the design, delivery, and scale-up of priority AI capabilities across Commercial. AIA works in tight collaboration with various Pfizer functions to deploy and maintain p…"
5811973521,"Lead Software Engineer - Fullstack(ReactJS, AWS, Javascript, Typescript, CI/CD)",Ellucian,Bangalore,Karnataka,India,2026-07-23 11:43:55+00:00,"This job is with Ellucian, an inclusive employer and a member of myGwork – the largest global platform for the LGBTQ business community. Please do not contact the recruiter directly. About Ellucian Ellucian powers innovation for higher education, partnering with approximately 3,000 customers across 50 countries, serving more than 21 million students. Ellucian's AI-powered platform, trained on the richest dataset available in higher education, drives efficiency, personalized experiences, and str…"
5812528360,Custom Software Engineer,Accenture,Khordha,,India,2026-07-23 22:17:08+00:00,"This job is with Accenture, an inclusive employer and a member of myGwork – the largest global platform for the LGBTQ business community. Please do not contact the recruiter directly. Project Role : Custom Software Engineer Project Role Description : Develop custom software solutions to design, code, and enhance components across systems or applications. Use modern frameworks and agile practices to deliver scalable, high-performing solutions tailored to specific business needs. Must have skills…"
5812528374,Software Engineer - Python,S&P Global,,,India,2026-07-23 22:17:12+00:00,"This job is with S&P Global, an inclusive employer and a member of myGwork – the largest global platform for the LGBTQ business community. Please do not contact the recruiter directly. About the Role: Grade Level (for internal use): 09 S&P Global Dow Jones Indices The Role : Software Engineer - Python S&P Dow Jones Indices a global leader in providing investable and benchmark indices to the financial markets, is looking for an experienced Python software engineer technology team. The Team : You…"
5812528419,Custom Software Engineer,Accenture,Bangalore,Karnataka,India,2026-07-23 22:17:13+00:00,"This job is with Accenture, an inclusive employer and a member of myGwork – the largest global platform for the LGBTQ business community. Please do not contact the recruiter directly. Project Role : Custom Software Engineer Project Role Description : Develop custom software solutions to design, code, and enhance components across systems or applications. Use modern frameworks and agile practices to deliver scalable, high-performing solutions tailored to specific business needs. Must have skills…"
5812528489,Custom Software Engineer,Accenture,Ghaziabad,,India,2026-07-23 22:17:18+00:00,"This job is with Accenture, an inclusive employer and a member of myGwork – the largest global platform for the LGBTQ business community. Please do not contact the recruiter directly. Project Role : Custom Software Engineer Project Role Description : Develop custom software solutions to design, code, and enhance components across systems or applications. Use modern frameworks and agile practices to deliver scalable, high-performing solutions tailored to specific business needs. Must have skills…"
5812528533,Custom Software Engineer,Accenture,Hyderabad,Telangana,India,2026-07-23 22:17:24+00:00,"This job is with Accenture, an inclusive employer and a member of myGwork – the largest global platform for the LGBTQ business community. Please do not contact the recruiter directly. Project Role : Custom Software Engineer Project Role Description : Develop custom software solutions to design, code, and enhance components across systems or applications. Use modern frameworks and agile practices to deliver scalable, high-performing solutions tailored to specific business needs. Must have skills…"
5812528537,Custom Software Engineer,Accenture,Indore,Madhya Pradesh,India,2026-07-23 22:17:24+00:00,"This job is with Accenture, an inclusive employer and a member of myGwork – the largest global platform for the LGBTQ business community. Please do not contact the recruiter directly. Project Role : Custom Software Engineer Project Role Description : Develop custom software solutions to design, code, and enhance components across systems or applications. Use modern frameworks and agile practices to deliver scalable, high-performing solutions tailored to specific business needs. Must have skills…"
5813233718,Sr. QA Automation Engineer,ABB,Bangalore,Karnataka,India,2026-07-24 07:44:36+00:00,"This job is with ABB, an inclusive employer and a member of myGwork – the largest global platform for the LGBTQ business community. Please do not contact the recruiter directly. At ABB, we help industries run leaner and cleaner—and every person here makes that happen. You’ll be empowered to lead, supported to grow, and proud of the impact we create together. Join us and help run what runs the world. This Position reports to: R&D Leader(Industrial Software)-AUEN BL What we believe in ABB’s Proce…"
5814528556,"Lead II, Software Engineering",S&P Global,Hyderabad,Telangana,India,2026-07-25 03:48:53+00:00,"This job is with S&P Global, an inclusive employer and a member of myGwork – the largest global platform for the LGBTQ business community. Please do not contact the recruiter directly. About the Role: Grade Level (for internal use): 12 Role: Lead II , Software Engineering Team: Enterprise Data Organization | Distribution and Data Platforms - Data Management Tech | External Knowledge Platforms Role Summary: As an individual contributor on the External Knowledge Platforms team, the Lead II, Softw…"
5814528659,"Associate Specialist, Software Engineering -AI",MSD,Hyderabad,Telangana,India,2026-07-25 03:49:02+00:00,"This job is with MSD, an inclusive employer and a member of myGwork – the largest global platform for the LGBTQ business community. Please do not contact the recruiter directly. Job Description The Opportunity Based in Hyderabad, join a global healthcare biopharma company and be part of a 130- year legacy of success backed by ethical integrity, forward momentum, and an inspiring mission to achieve new milestones in global healthcare. Be part of an organisation driven by digital technology and d…"
5814528671,Lead Java Software Engineer,S&P Global,Hyderabad,Telangana,India,2026-07-25 03:49:05+00:00,"This job is with S&P Global, an inclusive employer and a member of myGwork – the largest global platform for the LGBTQ business community. Please do not contact the recruiter directly. About the Role: Grade Level (for internal use): 12 Job Description What you'll work on: We're seeking a talented and highly motivated lead software engineer to help us develop a scalable, high-performance, cloud-based platform for large-scale data storage and processing. This will include AI/ML Engineering to sol…"
5816233981,software engineer,Cargill,Bangalore,Karnataka,India,2026-07-26 10:55:36+00:00,"Job Purpose and Impact The Software Engineer - Ag & Trade will design, develop, and maintain scalable, high quality software applications that support Cargill's Ag & Trade business. The ideal candidate is a hands-on Full Stack Engineer with strong back-end development experience and expertise in Java Springboot and front-end experience in JavaScript/TypeScript, React or React Native, modern backend technologies (Python Fast APIs or equivalent), and a passion for building enterprise-grade applic…"
5816436564,Software Engineer,Capgemini,Bangalore,Karnataka,India,2026-07-26 15:55:46+00:00,"Job Description Works in the area of Software Engineering, which encompasses the development, maintenance and optimization of software solutions/applications. Applies scientific methods to analyse and solve software engineering problems. He/she is responsible for the development and application of software engineering practice and knowledge, in research, design, development and maintenance. His/her work requires the exercise of original thought and judgement and the ability to supervise the tec…"
5816569765,"Associate Director, Software Engineering",S&P Global,,,India,2026-07-26 19:46:05+00:00,"This job is with S&P Global, an inclusive employer and a member of myGwork – the largest global platform for the LGBTQ business community. Please do not contact the recruiter directly. About the Role: Grade Level (for internal use): 12 Job Description We are looking for a Lead Full-stack Developer with expertise in both backend and frontend development to play a crucial role in the planning, preparation, and development of software for a key platform. This position requires an experienced engin…"
5817860342,Software Engineer / Senior Software Engineer,Eurofins GSC IT DC,Bangalore,Karnataka,India,2026-07-28 07:09:08+00:00,"Job Description Full-stack developer responsible for analysis, design and development of .NET and WPF applications part of a high impact software product suite. JOB DESCRIPTION Requirements: Mandatory Skills: • 3 to 8 years of experience developing software using .NET and WPF/Angular. • Proficient in C#, .NET, WPF/XAML, Web APIs, LINQ, Entity Framework, SQL. • Experience working on at least one SOA or microservices architecture style software product. • Good understanding of UML, object-oriente…"
5818547917,"Senior Specialist, Software Engineering",MSD,Hyderabad,Telangana,India,2026-07-28 21:57:19+00:00,"This job is with MSD, an inclusive employer and a member of myGwork – the largest global platform for the LGBTQ business community. Please do not contact the recruiter directly. Job Description Senior Specialist, Software Engineer The Opportunity Based in Hyderabad, join a global healthcare biopharma company and be part of a 130- year legacy of success backed by ethical integrity, forward momentum, and an inspiring mission to achieve new milestones in global healthcare. Be part of an organisati…"
5818548014,Manager Software Engineering,RX Global,Chennai,Tamil Nadu,India,2026-07-28 21:57:26+00:00,"This job is with RX Global, an inclusive employer and a member of myGwork – the largest global platform for the LGBTQ business community. Please do not contact the recruiter directly. Job Description About Team: RX Global aims to create unforgettable experiences for attendees and exhibitors through organizing events. Innovation, creativity, and collaboration drive the company to offer exceptional services to clients. About the role: The Software Engineering Manager is an engineering leader and …"
5819192395,Software Engineer III (Full Stack),Elsevier,Chennai,Tamil Nadu,India,2026-07-29 07:48:48+00:00,"This job is with Elsevier, an inclusive employer and a member of myGwork – the largest global platform for the LGBTQ business community. Please do not contact the recruiter directly. Software Engineer-III Would you like to help create products to support the sharing of scientific knowledge? Do you enjoy collaborating to solve complex technical problems? This hybrid role is open to candidates based within a commutable distance of our Chennai office. We value meaningful in-person moments to conne…"
5819193256,Software Engineering - Custom Software Engineer,Artech Infosystems Private Limited,Pune,Maharashtra,India,2026-07-29 07:52:04+00:00,"As a Custom Software Engineer, a typical day involves creating tailored software solutions by designing, coding, and improving various components within systems or applications. The role requires working with modern development frameworks and following agile methodologies to ensure the delivery of scalable and efficient software that meets unique business requirements. Collaboration with different teams and continuous refinement of software elements to enhance performance and functionality are …"
5819664966,Software Engineer,DHL,Indore,Madhya Pradesh,India,2026-07-29 15:57:25+00:00,"Your IT Future, Delivered Software Engineer With a global team of 5600 IT professionals, DHL IT Services connects people and keeps the global economy running by continuously innovating and creating sustainable digital solutions . We work beyond global borders and push boundaries across all dimensions of logistics . You can leave your mark shaping the technology backbone of the biggest logistics company of the world. All our locations have earned the GreatPlaceToWork certification, reflecting ou…"
5820906265,Lead Software Engineer,S&P Global,Hyderabad,Telangana,India,2026-07-30 13:53:21+00:00,"This job is with S&P Global, an inclusive employer and a member of myGwork – the largest global platform for the LGBTQ business community. Please do not contact the recruiter directly. About the Role: Grade Level (for internal use): 11 The Team Our team consists of highly collaborative developers who specialize in Well Log and Land data. We value innovation, technical excellence, and continuous improvement, working together to develop and enhance software solutions and managing complex database…"
5820906258,"Spcialist , Software Engineering",MSD,Hyderabad,Telangana,India,2026-07-30 13:53:21+00:00,"This job is with MSD, an inclusive employer and a member of myGwork – the largest global platform for the LGBTQ business community. Please do not contact the recruiter directly. Job Description Required Skills: Agile Team Practices, Cloud Networking, Cost Optimization, Data Engineering, Data Ingestion, Data Visualization, Design, Design Applications, GitLab, IT Security Best Practices, Kubernetes, Machine Troubleshooting, Maintenance Troubleshooting, Oral Communications, Product Lifecycle, Soft…"
5820906353,Senior Software Engineer,S&P Global,,,India,2026-07-30 13:53:25+00:00,"This job is with S&P Global, an inclusive employer and a member of myGwork – the largest global platform for the LGBTQ business community. Please do not contact the recruiter directly. About the Role: Grade Level (for internal use): 10 The Role Senior Software Developer Full Stack Developer (Java  Angular) - Cloud The Team: You'll work in a cross-functional engineering team building and operating cloud-native web applications with enterprise-grade security. The team partners closely with produc…"
5821863609,Software Engineering - Custom Software Engineer,Artech Infosystems Private Limited,Gurgaon,Haryana,India,2026-07-31 07:31:32+00:00,"As a Custom Software Engineer, a typical day involves designing and developing tailored software solutions that enhance various system components and applications. The role requires working within dynamic project environments, applying modern development frameworks, and following agile methodologies to ensure the delivery of scalable and efficient software. Collaboration with cross-functional teams to understand business requirements and translate them into technical implementations is a key as…"
5821999873,Senior Software Engineer,ABB,Bangalore,Karnataka,India,2026-07-31 09:50:03+00:00,"This job is with ABB, an inclusive employer and a member of myGwork – the largest global platform for the LGBTQ business community. Please do not contact the recruiter directly. At ABB, we help industries run leaner and cleaner—and every person here makes that happen. You’ll be empowered to lead, supported to grow, and proud of the impact we create together. Join us and help run what runs the world. This Position reports to: Technical Director - Digital Software En What We Believe In ABB's Proc…"
5821999885,Software Engineer,ABB,Bangalore,Karnataka,India,2026-07-31 09:50:04+00:00,"This job is with ABB, an inclusive employer and a member of myGwork – the largest global platform for the LGBTQ business community. Please do not contact the recruiter directly. At ABB, we help industries run leaner and cleaner—and every person here makes that happen. You’ll be empowered to lead, supported to grow, and proud of the impact we create together. Join us and help run what runs the world. This Position reports to: Digital Solution Engineering Manager What we believe in ABB’s Process …"
5821999928,Senior Software Engineer,ABB,Bangalore,Karnataka,India,2026-07-31 09:50:08+00:00,"This job is with ABB, an inclusive employer and a member of myGwork – the largest global platform for the LGBTQ business community. Please do not contact the recruiter directly. At ABB, we help industries run leaner and cleaner—and every person here makes that happen. You’ll be empowered to lead, supported to grow, and proud of the impact we create together. Join us and help run what runs the world. This Position reports to: Digital Solution Engineering Manager What we believe in ABB's Process …"
5821999940,Software Developer - PL/SQL,Avaloq,Pune,Maharashtra,India,2026-07-31 09:50:09+00:00,"This job is with Avaloq, an inclusive employer and a member of myGwork – the largest global platform for the LGBTQ business community. Please do not contact the recruiter directly. Company Description Founded and headquartered in Switzerland, Avaloq is continuously expanding its global footprint with around 2,500 colleagues in 10 countries, and more than 160 clients in 35 countries. We are an industry-leading provider of wealth management technology and services for financial institutions aroun…"
5822403387,Software Engineer III- ServiceNow,Entain,,Telangana,India,2026-07-31 19:50:48+00:00,"This job is with Entain, an inclusive employer and a member of myGwork – the largest global platform for the LGBTQ business community. Please do not contact the recruiter directly. Entain India is the engineering and delivery powerhouse for Entain, one of the world's leading global sports and gaming groups. Established in Hyderabad in 2001, we've grown from a small tech hub into a dynamic force, delivering the latest software solutions and support services that power billions of transactions fo…"
5822594109,Software Engineering - Custom Software Engineer,Trigent Software Private Limited,Bangalore,,India,2026-07-31 23:36:05+00:00,"As a Custom Software Engineer, a typical day involves creating tailored software solutions by designing, coding, and improving various components within systems or applications. The role requires working with contemporary development frameworks and following agile methodologies to ensure the delivery of scalable and efficient software that meets unique business requirements. Collaboration with different teams and continuous refinement of software elements are integral parts of the daily workflo…"
5824468078,Software Engineering - Custom Software Engineer,Trigent Software Private Limited,Bangalore,,India,2026-08-01 23:29:56+00:00,"As a Custom Software Engineer, a typical day involves creating tailored software solutions by designing, coding, and improving various components within systems or applications. The role requires working with modern development frameworks and following agile methodologies to ensure the delivery of scalable and efficient software that meets unique business requirements. Collaboration with team members and adapting to evolving project needs are integral parts of the daily workflow, fostering cont…"
5825382522,Senior Software Engineer II,Elsevier,Bangalore,Karnataka,India,2026-08-02 11:51:39+00:00,"This job is with Elsevier, an inclusive employer and a member of myGwork – the largest global platform for the LGBTQ business community. Please do not contact the recruiter directly. Senior Software Engineer-II Would you like to be part of a team that delivers high-quality software to our customers? Are you a highly visible champion with a 'can do' attitude and enthusiasm that inspires others? About the team: We're a collaborative, curious team of software engineers across all levels. You'll co…"
5827034150,Senior Software Engineer,S&P Global,Hyderabad,Telangana,India,2026-08-04 04:02:22+00:00,"This job is with S&P Global, an inclusive employer and a member of myGwork – the largest global platform for the LGBTQ business community. Please do not contact the recruiter directly. About the Role: Grade Level (for internal use): 10 Senior Software Developer - Full Stack (React and .NET) Location : Hyderabad Grade : 10A Organization : S&P Global Energy ________________________________________ About the Role We are seeking an experienced Senior Software Developer (Full Stack) with strong expe…"
5827922313,Software Engineer,Natwest Group,Bangalore,Karnataka,India,2026-08-04 20:38:02+00:00,"Join us as a Software Engineer This is an opportunity for a driven Software Engineer to take on an exciting new career challenge Day-to-day, you'll be engineering and maintaining innovative, customer centric, high performance, secure and robust solutions It’s a chance to hone your existing technical skills and advance your career while building a wide network of stakeholders We're offering this role at associate level What you'll do In your new role, you’ll be working within a feature team to e…"
5828130315,"Associate Director, Software Engineering",S&P Global,Ghaziabad,,India,2026-08-04 23:55:01+00:00,"This job is with S&P Global, an inclusive employer and a member of myGwork – the largest global platform for the LGBTQ business community. Please do not contact the recruiter directly. About the Role: Grade Level (for internal use): 12 Overview The Team We are an established development team, looking to grow, innovation and push the boundaries of what's possible in software development. We prioritize providing an excellent developer experience, which means you'll have access to market-leading t…"
5828603085,Software Engineer/Senior Software Engineer,Rishabh Software Private Limited,Vadodara,Gujarat,India,2026-08-05 07:25:02+00:00,".NET Core, .NET MVC, .NET 8, Web API SQL Server, Stored procedures, Fun, Tables, Indexes, EF Angular, JavaScript, Typescript Unit testing framework Test cases GitHub working experience Team leadership and Business requirement understanding JIRA and other tools understanding Independent client communication team collaboration Skills: Github, Qa, Javascript, Sql, Mvc Experience: 4.00-9.00 Years"
5829180306,Software Engineer,Natwest Group,Bangalore,Karnataka,India,2026-08-05 20:41:54+00:00,"Join us as a Software Engineer This is an opportunity for a driven Software Engineer to take on an exciting new career challenge Day-to-day, you'll build a wide network of stakeholders of varying levels of seniority It’s a chance to hone your existing technical skills and advance your career We're offering this role at associate level What you'll do In your new role, you’ll engineer and maintain innovative, customer centric, high performance, secure and robust solutions. You’ll be working withi…"
5829780493,Senior Software Engineer II,Elsevier,Bangalore,Karnataka,India,2026-08-06 06:01:20+00:00,"This job is with Elsevier, an inclusive employer and a member of myGwork – the largest global platform for the LGBTQ business community. Please do not contact the recruiter directly. Senior Software Engineer-II Would you like to be part of a team that delivers high-quality software to our customers? Are you a highly visible champion with a 'can do' attitude and enthusiasm that inspires others? About our Team:- Our global team supports products in education and electronic health records that int…"
5830840638,Software Engineering - Custom Software Engineer,Trigent Software Private Limited,Pune,,India,2026-08-06 23:32:18+00:00,"AWS Developer responsible for building AI-driven IVR solutions in Amazon Connect, with hands-on expertise in prompt engineering (goal-oriented vs. scripted), agent assist, and screen pop integration. Owns validation of prompt logic and code quality, and supports runbooks for deployment, monitoring, and ongoing operations of AI-powered contact center solutions Roles & Responsibilities: Team Leadership: Drive end-to-end ownership of a team responsible for the design, development, and implementati…"
5830840601,Software Engineering - Custom Software Engineer,Trigent Software Private Limited,Bangalore,,India,2026-08-06 23:32:18+00:00,"As a Custom Software Engineer, a typical day involves designing and developing tailored software solutions that enhance various system components and applications. The role requires working closely with different teams to ensure the delivery of scalable and efficient software products. The engineer actively participates in iterative development cycles, continuously improving and refining software to meet evolving business requirements. Collaboration and adaptability are key, as the engineer bal…"
5831396198,Software Engineer,InfoBeans Systems India Private Limited,Pune,Maharashtra,India,2026-08-07 07:26:58+00:00,"Job Requirement: We are seeking a highly skilled and motivated Software Engineer with expertise in back-end development and proficiency in the following technologies: Java, Spring Boot, Docker, Kubernetes (Open shift), REST/SOAP API, and Oracle DB. Responsibilities: The ideal candidate will have a strong understanding of Agile methodology and its application in software development processes. Design, develop, and maintain robust and scalable back-end solutions using Java, Spring Boot, and relat…"
5831608485,Software Engineer,Cargill,Bangalore,Karnataka,India,2026-08-07 10:56:39+00:00,"Job Purpose and Impact  The Software Engineer - Ag & Trade will design, develop, and maintain scalable, high quality software applications that support Cargill's Ag & Trade business. The ideal candidate is a hands-on Full Stack Engineer with strong expertise in JavaScript/TypeScript, React or React Native, modern backend technologies (Node.js or equivalent), and a passion for building enterprise-grade applications. This role partners closely with Product Managers, Architects, UX Designers, QA E…"
5832075588,Software Engineer,Cornerstone OnDemand,Hyderabad,Telangana,India,2026-08-07 20:38:50+00:00,"We're looking for a Software Engineer This role is Office Based, Hyderabad Office Job Title: Software Engineer Location: Hyderabad, India Years of Experience: 3- 4 years of hands-on software engineering experience , building and operating production systems Position Overview We are seeking a Software Engineer to design, build, and scale high-quality software systems that power our product platforms. This role is ideal for a strong, hands-on engineer with solid backend fundamentals, cloud experi…"
5832275125,Software Engineering - Custom Software Engineer,Trigent Software Private Limited,Bangalore,,India,2026-08-07 23:32:35+00:00,"As a Custom Software Engineer, a typical day involves designing and developing tailored software solutions that enhance various system components and applications. The role requires continuous collaboration with cross-functional teams to ensure the delivery of scalable and efficient software. The engineer actively participates in refining code, troubleshooting issues, and iterating on solutions to meet evolving business requirements. Agile methodologies guide the workflow, promoting adaptabilit…"
5832799036,Software Engineer,Ford,Chennai,Tamil Nadu,India,2026-08-08 07:31:36+00:00,Ford Pro is looking for Software Engineers that embrace Agile-eXtreme Programming principles to deliver innovative software products for Ford Motor Company and our commercial customers. Description Ford Pro is looking for Software Engineers that embrace Agile-eXtreme Programming principles to deliver innovative software products for Ford Motor Company and our commercial customers. Responsibilities What youll be able to do: Engineer production-quality code to deploy these solutions in a serverle…
5832799205,Software Engineer,Ford,Chennai,Tamil Nadu,India,2026-08-08 07:31:44+00:00,"Employees in this job function are responsible for designing, developing, testing and maintaining software applications and products to meet customer needs both on-prem and cloud native. They are involved in the entire software development lifecycle including designing software architecture, writing code, testing for quality and deploying the software to meet customer requirements. Full-stack software engineering roles, who can develop all components of software including user interface and ser…"
5832799211,Software Engineer,Ford,Chennai,Tamil Nadu,India,2026-08-08 07:31:45+00:00,"Ford Credit operate under a Product Driven Organisation (PDO) model. Due to the nature of PDO, Product Delivery will pivot Backlog prioritisation as required to meet the needs of the current environment; focusing on delivering the greatest value to our business at that point in time. This role is for the Senior Software Engineer in the FCE Renewals Abstraction layer space As a Senior Software Engineer: Explore and investigate the latest Technology and tooling recommended to the organisation to …"
5833433932,"Technical Lead, Software Engineering, Data Context Layer",MSD,Hyderabad,Telangana,India,2026-08-08 17:56:22+00:00,"This job is with MSD, an inclusive employer and a member of myGwork – the largest global platform for the LGBTQ business community. Please do not contact the recruiter directly. Job Description R400875 Technical Lead, Software Engineering, Data Context Layer Based in Hyderabad, join a global healthcare biopharma company and be part of a 130- year legacy of success backed by ethical integrity, forward momentum, and an inspiring mission to achieve new milestones in global healthcare. • Be part of…"
5833711736,"Software Engineer (C, C++)",NetApp,,,India,2026-08-08 21:59:39+00:00,"Own Every Moment at NetApp At NetApp, your ideas power innovation. We lead in intelligent data infrastructure—delivering unified storage, integrated data services, and solutions that help organizations unlock the full potential of their data, from AI to multicloud. Ready to innovate and contribute to our path to $10B? Here, you'll collaborate with passionate teams, tackle real-world challenges, and see your impact in how customers transform and grow. If you're ready to bring curiosity, creativi…"
5834021951,Senior Software Engineer II,Elsevier,Bangalore,Karnataka,India,2026-08-09 04:12:38+00:00,"This job is with Elsevier, an inclusive employer and a member of myGwork – the largest global platform for the LGBTQ business community. Please do not contact the recruiter directly. Are you a Systems Engineer looking for an innovative role? Do you enjoy being part of a team that works with a diverse range of technology? About our Team: Elsevier Health applies innovation, facilitates insights, and helps drive more informed decision-making for our customers across global health. We support healt…"
5837138668,Sr. Software Engineer - Backend Java,Kyndryl,Bangalore,Karnataka,India,2026-08-12 01:59:13+00:00,"This job is with Kyndryl, an inclusive employer and a member of myGwork – the largest global platform for the LGBTQ business community. Please do not contact the recruiter directly. Who We Are At Kyndryl, we run and reimagine the mission-critical technology systems that drive advantage for the world's leading businesses. We are at the heart of progress; with proven expertise and a continuous flow of AI-powered insight, enabling smarter decisions, faster innovation, and a lasting competitive edg…"
5837138769,Software Engineer - Full Stack Development,Kyndryl,Bangalore,Karnataka,India,2026-08-12 01:59:14+00:00,"This job is with Kyndryl, an inclusive employer and a member of myGwork – the largest global platform for the LGBTQ business community. Please do not contact the recruiter directly. Who We Are At Kyndryl, we run and reimagine the mission-critical technology systems that drive advantage for the world's leading businesses. We are at the heart of progress; with proven expertise and a continuous flow of AI-powered insight, enabling smarter decisions, faster innovation, and a lasting competitive edg…"
5837138716,Lead Software Engineer,Standard Chartered Bank,Bangalore,Karnataka,India,2026-08-12 01:59:14+00:00,"This job is with Standard Chartered Bank, an inclusive employer and a member of myGwork – the largest global platform for the LGBTQ business community. Please do not contact the recruiter directly. Job Summary We are currently looking for an experienced Full Stack Developer with 10-15 years of professional experience to join our dynamic FinCrime & Cyber team in Bangalore. In this pivotal role, you will be responsible for designing and implementing innovative, secure, and scalable applications t…"
5837138781,Software Engineer - Full Stack Development,Kyndryl,Pune,Maharashtra,India,2026-08-12 01:59:14+00:00,"This job is with Kyndryl, an inclusive employer and a member of myGwork – the largest global platform for the LGBTQ business community. Please do not contact the recruiter directly. Who We Are At Kyndryl, we run and reimagine the mission-critical technology systems that drive advantage for the world's leading businesses. We are at the heart of progress; with proven expertise and a continuous flow of AI-powered insight, enabling smarter decisions, faster innovation, and a lasting competitive edg…"
5837138718,Software Developer - AI,Kyndryl,Mumbai,Maharashtra,India,2026-08-12 01:59:14+00:00,"This job is with Kyndryl, an inclusive employer and a member of myGwork – the largest global platform for the LGBTQ business community. Please do not contact the recruiter directly. Who We Are At Kyndryl, we run and reimagine the mission-critical technology systems that drive advantage for the world's leading businesses. We are at the heart of progress; with proven expertise and a continuous flow of AI-powered insight, enabling smarter decisions, faster innovation, and a lasting competitive edg…"
5837138865,Software Engineering Technical Specialist – Workday Integrations,Kyndryl,,,India,2026-08-12 01:59:18+00:00,"This job is with Kyndryl, an inclusive employer and a member of myGwork – the largest global platform for the LGBTQ business community. Please do not contact the recruiter directly. Who We Are At Kyndryl, we run and reimagine the mission-critical technology systems that drive advantage for the world's leading businesses. We are at the heart of progress; with proven expertise and a continuous flow of AI-powered insight, enabling smarter decisions, faster innovation, and a lasting competitive edg…"
5837138870,Software Engineering Technical Specialist - Workday Integrations,Kyndryl,Bangalore,Karnataka,India,2026-08-12 01:59:18+00:00,"This job is with Kyndryl, an inclusive employer and a member of myGwork – the largest global platform for the LGBTQ business community. Please do not contact the recruiter directly. Who We Are At Kyndryl, we run and reimagine the mission-critical technology systems that drive advantage for the world's leading businesses. We are at the heart of progress; with proven expertise and a continuous flow of AI-powered insight, enabling smarter decisions, faster innovation, and a lasting competitive edg…"
5837138986,Workday Prism and Reports Developer,Kyndryl,Bangalore,Karnataka,India,2026-08-12 01:59:19+00:00,"This job is with Kyndryl, an inclusive employer and a member of myGwork – the largest global platform for the LGBTQ business community. Please do not contact the recruiter directly. Who We Are At Kyndryl, we run and reimagine the mission-critical technology systems that drive advantage for the world's leading businesses. We are at the heart of progress; with proven expertise and a continuous flow of AI-powered insight, enabling smarter decisions, faster innovation, and a lasting competitive edg…"
5837138921,Software Engineering- Development,Kyndryl,Noida,,India,2026-08-12 01:59:19+00:00,"This job is with Kyndryl, an inclusive employer and a member of myGwork – the largest global platform for the LGBTQ business community. Please do not contact the recruiter directly. Who We Are At Kyndryl, we run and reimagine the mission-critical technology systems that drive advantage for the world's leading businesses. We are at the heart of progress; with proven expertise and a continuous flow of AI-powered insight, enabling smarter decisions, faster innovation, and a lasting competitive edg…"
5837138984,Software Engineer,Cornerstone OnDemand,Hyderabad,Telangana,India,2026-08-12 01:59:19+00:00,"This job is with Cornerstone OnDemand, an inclusive employer and a member of myGwork – the largest global platform for the LGBTQ business community. Please do not contact the recruiter directly. Job Title: Software Engineer Location: Hyderabad, India Years of Experience: 3- 4 years of hands-on software engineering experience , building and operating production systems Position Overview We are seeking a Software Engineer to design, build, and scale high-quality software systems that power our pr…"
5837139101,Software Developer - AI,Kyndryl,Gurgaon,Haryana,India,2026-08-12 01:59:27+00:00,"This job is with Kyndryl, an inclusive employer and a member of myGwork – the largest global platform for the LGBTQ business community. Please do not contact the recruiter directly. Who We Are At Kyndryl, we run and reimagine the mission-critical technology systems that drive advantage for the world's leading businesses. We are at the heart of progress; with proven expertise and a continuous flow of AI-powered insight, enabling smarter decisions, faster innovation, and a lasting competitive edg…"
5837139057,"Lead II, Software Engineering - Development",Kyndryl,Bangalore,Karnataka,India,2026-08-12 01:59:27+00:00,"This job is with Kyndryl, an inclusive employer and a member of myGwork – the largest global platform for the LGBTQ business community. Please do not contact the recruiter directly. Who We Are At Kyndryl, we run and reimagine the mission-critical technology systems that drive advantage for the world's leading businesses. We are at the heart of progress; with proven expertise and a continuous flow of AI-powered insight, enabling smarter decisions, faster innovation, and a lasting competitive edg…"
5837139111,Full Stack Software Engineer,Kyndryl,,,India,2026-08-12 01:59:27+00:00,"This job is with Kyndryl, an inclusive employer and a member of myGwork – the largest global platform for the LGBTQ business community. Please do not contact the recruiter directly. Who We Are At Kyndryl, we run and reimagine the mission-critical technology systems that drive advantage for the world's leading businesses. We are at the heart of progress; with proven expertise and a continuous flow of AI-powered insight, enabling smarter decisions, faster innovation, and a lasting competitive edg…"
5837139058,Software Engineering Technical Specialist - Workday Integrations,Kyndryl,,,India,2026-08-12 01:59:27+00:00,"This job is with Kyndryl, an inclusive employer and a member of myGwork – the largest global platform for the LGBTQ business community. Please do not contact the recruiter directly. Who We Are At Kyndryl, we run and reimagine the mission-critical technology systems that drive advantage for the world's leading businesses. We are at the heart of progress; with proven expertise and a continuous flow of AI-powered insight, enabling smarter decisions, faster innovation, and a lasting competitive edg…"
5837139048,"Senior Lead, Software Engineering - Workday HCM Compensation Specialist",Kyndryl,,,India,2026-08-12 01:59:27+00:00,"This job is with Kyndryl, an inclusive employer and a member of myGwork – the largest global platform for the LGBTQ business community. Please do not contact the recruiter directly. Who We Are At Kyndryl, we run and reimagine the mission-critical technology systems that drive advantage for the world's leading businesses. We are at the heart of progress; with proven expertise and a continuous flow of AI-powered insight, enabling smarter decisions, faster innovation, and a lasting competitive edg…"
5837139396,"Staff Software Engineer- Fullstack _Node & Typescript (GLP Team), Bangalore",Warner Bros. Discovery,Bangalore,Karnataka,India,2026-08-12 01:59:34+00:00,"This job is with Warner Bros. Discovery, an inclusive employer and a member of myGwork – the largest global platform for the LGBTQ business community. Please do not contact the recruiter directly. Welcome to Warner Bros. Discovery… the stuff dreams are made of. Who We Are… When we say, “the stuff dreams are made of,” we’re not just referring to the world of wizards, dragons and superheroes, or even to the wonders of Planet Earth. Behind WBD’s vast portfolio of iconic content and beloved brands,…"
5837139646,Senior DevOps Engineer – AI Enablement,Thermo Fisher Scientific,Bangalore,Karnataka,India,2026-08-12 01:59:39+00:00,"This job is with Thermo Fisher Scientific, an inclusive employer and a member of myGwork – the largest global platform for the LGBTQ business community. Please do not contact the recruiter directly. Work Schedule Standard (Mon-Fri) Environmental Conditions Office Job Description As part of the Thermo Fisher Scientific team, you'll discover meaningful work that makes a positive impact on a global scale. Join our colleagues in bringing our Mission to life every single day to enable our customers …"
5837139607,"Staff Software Engineer in Test (Sports Team), Bangalore",Warner Bros. Discovery,Bangalore,Karnataka,India,2026-08-12 01:59:39+00:00,"This job is with Warner Bros. Discovery, an inclusive employer and a member of myGwork – the largest global platform for the LGBTQ business community. Please do not contact the recruiter directly. Welcome to Warner Bros. Discovery… the stuff dreams are made of. Who We Are… When we say, “the stuff dreams are made of,” we’re not just referring to the world of wizards, dragons and superheroes, or even to the wonders of Planet Earth. Behind WBD’s vast portfolio of iconic content and beloved brands,…"
5837139798,"Staff Engineer, DevOps Engineering",Thermo Fisher Scientific,Bangalore,Karnataka,India,2026-08-12 01:59:42+00:00,"This job is with Thermo Fisher Scientific, an inclusive employer and a member of myGwork – the largest global platform for the LGBTQ business community. Please do not contact the recruiter directly. Work Schedule Standard (Mon-Fri) Environmental Conditions Office Job Description As part of the Thermo Fisher Scientific team, you'll discover meaningful work that makes a positive impact on a global scale. Join our colleagues in bringing our Mission to life every single day to enable our customers …"
5838614305,Senior Software Engineer - Fullstack - Java & Angular (MSC Team) Bangalore,Warner Bros. Discovery,Bangalore,Karnataka,India,2026-08-12 22:00:57+00:00,"This job is with Warner Bros. Discovery, an inclusive employer and a member of myGwork – the largest global platform for the LGBTQ business community. Please do not contact the recruiter directly. Welcome to Warner Bros. Discovery… the stuff dreams are made of. Who We Are… When we say, “the stuff dreams are made of,” we’re not just referring to the world of wizards, dragons and superheroes, or even to the wonders of Planet Earth. Behind WBD’s vast portfolio of iconic content and beloved brands,…"
5839268386,"Staff Software Engineer - Python, Computer Vision",Warner Bros. Discovery,Bangalore,Karnataka,India,2026-08-13 08:00:35+00:00,"This job is with Warner Bros. Discovery, an inclusive employer and a member of myGwork – the largest global platform for the LGBTQ business community. Please do not contact the recruiter directly. Welcome to Warner Bros. Discovery… the stuff dreams are made of. Who We Are… When we say, “the stuff dreams are made of,” we’re not just referring to the world of wizards, dragons and superheroes, or even to the wonders of Planet Earth. Behind WBD’s vast portfolio of iconic content and beloved brands,…"
5841509246,Software Engineer - Microsoft Power Platform Developer,Kyndryl,Bangalore,Karnataka,India,2026-08-14 14:19:18+00:00,"This job is with Kyndryl, an inclusive employer and a member of myGwork – the largest global platform for the LGBTQ business community. Please do not contact the recruiter directly. Who We Are At Kyndryl, we run and reimagine the mission-critical technology systems that drive advantage for the world's leading businesses. We are at the heart of progress; with proven expertise and a continuous flow of AI-powered insight, enabling smarter decisions, faster innovation, and a lasting competitive edg…"
5841509341,Associate Software Engineer,ABB,Bangalore,Karnataka,India,2026-08-14 14:19:31+00:00,"This job is with ABB, an inclusive employer and a member of myGwork – the largest global platform for the LGBTQ business community. Please do not contact the recruiter directly. At ABB, we help industries run leaner and cleaner—and every person here makes that happen. You’ll be empowered to lead, supported to grow, and proud of the impact we create together. Join us and help run what runs the world. This Position reports to: Principal Software Engineer What we believe in ABB’s Process Automatio…"
5842115071,"Senior Software Engineer Full Stack (Frontend Focus) Commerce Team, Hyderabad",Warner Bros. Discovery,Hyderabad,Telangana,India,2026-08-15 00:04:26+00:00,"This job is with Warner Bros. Discovery, an inclusive employer and a member of myGwork – the largest global platform for the LGBTQ business community. Please do not contact the recruiter directly. Welcome to Warner Bros. Discovery… the stuff dreams are made of. Who We Are… When we say, “the stuff dreams are made of,” we’re not just referring to the world of wizards, dragons and superheroes, or even to the wonders of Planet Earth. Behind WBD’s vast portfolio of iconic content and beloved brands,…"
5843766540,Software Engineering - Technical Specialist,Kyndryl,Bangalore,Karnataka,India,2026-08-16 06:19:29+00:00,"This job is with Kyndryl, an inclusive employer and a member of myGwork – the largest global platform for the LGBTQ business community. Please do not contact the recruiter directly. Who We Are At Kyndryl, we run and reimagine the mission-critical technology systems that drive advantage for the world's leading businesses. We are at the heart of progress; with proven expertise and a continuous flow of AI-powered insight, enabling smarter decisions, faster innovation, and a lasting competitive edg…"
5843766754,"Manager, Software Engineering – Backend (Consumer Team) Hyderabad",Warner Bros. Discovery,Hyderabad,Telangana,India,2026-08-16 06:19:46+00:00,"This job is with Warner Bros. Discovery, an inclusive employer and a member of myGwork – the largest global platform for the LGBTQ business community. Please do not contact the recruiter directly. Welcome to Warner Bros. Discovery… the stuff dreams are made of. Who We Are… When we say, “the stuff dreams are made of,” we’re not just referring to the world of wizards, dragons and superheroes, or even to the wonders of Planet Earth. Behind WBD’s vast portfolio of iconic content and beloved brands,…"
5846723050,Staff Software Engineer,Moody's,Noida,,India,2026-08-18 18:03:33+00:00,"This job is with Moody's, an inclusive employer and a member of myGwork – the largest global platform for the LGBTQ business community. Please do not contact the recruiter directly. At Moody's, we unite the brightest minds to turn today’s risks into tomorrow’s opportunities. We do this by striving to create an inclusive environment where everyone feels welcome to be who they are—with the freedom to exchange ideas, think innovatively, and listen to each other and customers in meaningful ways. Mo…"
5846723079,Senior Software Engineer,Morningstar,Mumbai,Maharashtra,India,2026-08-18 18:03:33+00:00,"This job is with Morningstar, an inclusive employer and a member of myGwork – the largest global platform for the LGBTQ business community. Please do not contact the recruiter directly. About Us Sustainalytics is a Morningstar company dedicated to responsible investment with over 25 years of experience in ESG research and ratings. With an extensive client base across asset managers, asset owners, and investment banks, our mission is to provide the insights required for investors and companies t…"
5846723066,Software Engineer,Morningstar,Mumbai,Maharashtra,India,2026-08-18 18:03:33+00:00,"This job is with Morningstar, an inclusive employer and a member of myGwork – the largest global platform for the LGBTQ business community. Please do not contact the recruiter directly. About Us Sustainalytics is a Morningstar company dedicated to responsible investment with over 25 years of experience in ESG research and ratings. With an extensive client base across asset managers, asset owners, and investment banks, our mission is to provide the insights required for investors and companies t…"
5846723122,Senior Software Engineer,Morningstar,Mumbai,Maharashtra,India,2026-08-18 18:03:33+00:00,"This job is with Morningstar, an inclusive employer and a member of myGwork – the largest global platform for the LGBTQ business community. Please do not contact the recruiter directly. About the Role We are looking for a Senior Software Engineer to drive the design, development, and scaling of our centralized, API-driven data validation platform. This is a hands-on individual contributor role focused on building high-performance, scalable, and intelligent validation systems that process large …"
5846723134,"Senior Software Engineer, AVP",Deutsche Bank,Pune,Maharashtra,India,2026-08-18 18:03:33+00:00,"This job is with Deutsche Bank, an inclusive employer and a member of myGwork – the largest global platform for the LGBTQ business community. Please do not contact the recruiter directly. Position Overview Role Description This role is responsible for Design and Implementation of the high-quality technology solutions within accounting domain. The candidate should have demonstrated technical expertise and having excellent problem-solving skills. The candidate is expected to; be a hands-on engine…"
5846723120,Lead Software Engineer,Morningstar,Mumbai,Maharashtra,India,2026-08-18 18:03:33+00:00,"This job is with Morningstar, an inclusive employer and a member of myGwork – the largest global platform for the LGBTQ business community. Please do not contact the recruiter directly. Role: As a Lead, you will use your vast experience in full stack software development to implement complex solutions, improve existing features and code maintainability, and deliver digital products needed to access most of our core research and data products. You will be working together with a team of talented…"
5846723322,Senior Software Engineer,Morningstar,Mumbai,Maharashtra,India,2026-08-18 18:03:36+00:00,"This job is with Morningstar, an inclusive employer and a member of myGwork – the largest global platform for the LGBTQ business community. Please do not contact the recruiter directly. Location: Mumbai Reports to: Tech Team Lead About the Role We are looking for a Senior Software Developer to join our Data Services team, specializing in delivering custom client-ready reports and managing data corrections. This role requires strong technical skills in Python, SQL, and Excel, combined with exper…"
5846723250,Software Engineer (Onboarding),Morningstar,Mumbai,Maharashtra,India,2026-08-18 18:03:36+00:00,"This job is with Morningstar, an inclusive employer and a member of myGwork – the largest global platform for the LGBTQ business community. Please do not contact the recruiter directly. Key Responsibilities: Design, develop, and implement features for new and existing products, ensuring scalability and performance. Write clean, maintainable, and efficient code while following engineering best practices. Perform testing to ensure logic, syntax, and outputs are accurate and meet requirements. Col…"
5846723243,Senior Software Engineer,Moody's,Bangalore,Karnataka,India,2026-08-18 18:03:36+00:00,"This job is with Moody's, an inclusive employer and a member of myGwork – the largest global platform for the LGBTQ business community. Please do not contact the recruiter directly. At Moody's, we unite the brightest minds to turn today’s risks into tomorrow’s opportunities. We do this by striving to create an inclusive environment where everyone feels welcome to be who they are—with the freedom to exchange ideas, think innovatively, and listen to each other and customers in meaningful ways. Mo…"
5846723233,Senior Software Engineer (DevOps),Danaher,Bangalore,Karnataka,India,2026-08-18 18:03:36+00:00,"This job is with Danaher, an inclusive employer and a member of myGwork – the largest global platform for the LGBTQ business community. Please do not contact the recruiter directly. Bring more to life. Are you ready to accelerate your potential and make a measurable impact in life sciences, diagnostics, and biotechnology? At Phenomenex , one of Danaher’s 15 operating companies, our work directly contributes to improving and saving lives. We foster an inclusive, high-performance culture where di…"
5846723288,Lead Software Engineer: Automation,Danaher,Bangalore,Karnataka,India,2026-08-18 18:03:36+00:00,"This job is with Danaher, an inclusive employer and a member of myGwork – the largest global platform for the LGBTQ business community. Please do not contact the recruiter directly. Bring more to life. Are you ready to accelerate your potential and make a real difference within life sciences, diagnostics and biotechnology? At SCIEX, one of Danaher’s 15 operating companies, our work saves lives—and we’re all united by a shared commitment to innovate for tangible impact. You’ll thrive in a cultur…"
5846723248,Lead Software Engineer (C# .Net),Danaher,Bangalore,Karnataka,India,2026-08-18 18:03:36+00:00,"This job is with Danaher, an inclusive employer and a member of myGwork – the largest global platform for the LGBTQ business community. Please do not contact the recruiter directly. Bring more to life. Are you ready to accelerate your potential and make a real difference within life sciences, diagnostics and biotechnology? At Beckman Coulter Diagnostics, one of Danaher’s 15 operating companies, our work saves lives—and we’re all united by a shared commitment to innovate for tangible impact. You…"
5846723249,Software Engineer,Morningstar,New Delhi,Delhi,India,2026-08-18 18:03:36+00:00,"This job is with Morningstar, an inclusive employer and a member of myGwork – the largest global platform for the LGBTQ business community. Please do not contact the recruiter directly. The Group The Advice Software team within Morningstar Wealth builds industry leading solutions that empower financial advisors to deliver personalized, compliant, and goal based financial advice. Our products leverage Morningstar's trusted investment data, research, and analytics to help advisors make informed d…"
5846723388,Staff Software Engineer,Moody's,Bangalore,Karnataka,India,2026-08-18 18:03:38+00:00,"This job is with Moody's, an inclusive employer and a member of myGwork – the largest global platform for the LGBTQ business community. Please do not contact the recruiter directly. At Moody's, we unite the brightest minds to turn today’s risks into tomorrow’s opportunities. We do this by striving to create an inclusive environment where everyone feels welcome to be who they are—with the freedom to exchange ideas, think innovatively, and listen to each other and customers in meaningful ways. Mo…"
5846723395,"Lead software Engineer(Linux, Shell Scripting)",Danaher,Bangalore,Karnataka,India,2026-08-18 18:03:38+00:00,"This job is with Danaher, an inclusive employer and a member of myGwork – the largest global platform for the LGBTQ business community. Please do not contact the recruiter directly. Bring more to life. Are you ready to accelerate your potential and make a real difference within life sciences, diagnostics and biotechnology? At Beckman Coulter Diagnostics, one of Danaher’s 15 operating companies, our work saves lives—and we’re all united by a shared commitment to innovate for tangible impact. You…"
5846723423,Software Engineer,Morningstar,Mumbai,Maharashtra,India,2026-08-18 18:03:39+00:00,"This job is with Morningstar, an inclusive employer and a member of myGwork – the largest global platform for the LGBTQ business community. Please do not contact the recruiter directly. Software Engineer - Python Java (Spring Boot) Position Title: Software Engineer The Area The Morningstar Indexes Team leverages its expertise in equity research, manager research, asset allocation, and portfolio construction to create innovative investment solutions. It uses Morningstar's intellectual property t…"
5846723424,Lead Software Engineer (Manual Testing),Danaher,Bangalore,Karnataka,India,2026-08-18 18:03:39+00:00,"This job is with Danaher, an inclusive employer and a member of myGwork – the largest global platform for the LGBTQ business community. Please do not contact the recruiter directly. NOTE – Do not use this job posting template for AB Sciex Germany GmbH legal entity jobs. Use the “SCIEX Germany GmbH Legal Entity Job Posting Template” for AB Sciex Germany GmbH Legal Entity roles. Bring more to life. Are you ready to accelerate your potential and make a real difference within life sciences, diagnos…"
5846723460,Senior Software Engineer,Moody's,Noida,,India,2026-08-18 18:03:40+00:00,"This job is with Moody's, an inclusive employer and a member of myGwork – the largest global platform for the LGBTQ business community. Please do not contact the recruiter directly. At Moody's, we unite the brightest minds to turn today’s risks into tomorrow’s opportunities. We do this by striving to create an inclusive environment where everyone feels welcome to be who they are—with the freedom to exchange ideas, think innovatively, and listen to each other and customers in meaningful ways. Mo…"
5846723512,Software Engineer,Moody's,Bangalore,Karnataka,India,2026-08-18 18:03:40+00:00,"This job is with Moody's, an inclusive employer and a member of myGwork – the largest global platform for the LGBTQ business community. Please do not contact the recruiter directly. At Moody's, we unite the brightest minds to turn today’s risks into tomorrow’s opportunities. We do this by striving to create an inclusive environment where everyone feels welcome to be who they are—with the freedom to exchange ideas, think innovatively, and listen to each other and customers in meaningful ways. Mo…"
5846723444,Senior Software Engineer,Moody's,,,India,2026-08-18 18:03:40+00:00,"This job is with Moody's, an inclusive employer and a member of myGwork – the largest global platform for the LGBTQ business community. Please do not contact the recruiter directly. At Moody's, we unite the brightest minds to turn today’s risks into tomorrow’s opportunities. We do this by striving to create an inclusive environment where everyone feels welcome to be who they are—with the freedom to exchange ideas, think innovatively, and listen to each other and customers in meaningful ways. Mo…"
5846723441,Lead Software Engineer,Morningstar,Mumbai,Maharashtra,India,2026-08-18 18:03:40+00:00,"This job is with Morningstar, an inclusive employer and a member of myGwork – the largest global platform for the LGBTQ business community. Please do not contact the recruiter directly. Role: Lead Software Engineer (Java, Spring boot, AWS) Location: Vashi, Navi Mumbai (4 days from office) Shift: UK Shift (Afternoon Shift) The Role: At Morningstar, helping investors is what brings us together and drives our work. We are looking for a Lead Software Engineer who combines deep technical expertise w…"
5846723711,Staff Software Engineer - Python,Moody's,Bangalore,Karnataka,India,2026-08-18 18:03:43+00:00,"This job is with Moody's, an inclusive employer and a member of myGwork – the largest global platform for the LGBTQ business community. Please do not contact the recruiter directly. At Moody's, we unite the brightest minds to turn today’s risks into tomorrow’s opportunities. We do this by striving to create an inclusive environment where everyone feels welcome to be who they are—with the freedom to exchange ideas, think innovatively, and listen to each other and customers in meaningful ways. Mo…"
5846723705,"Lead Software Engineer -C#, .NET",Danaher,Bangalore,Karnataka,India,2026-08-18 18:03:43+00:00,"This job is with Danaher, an inclusive employer and a member of myGwork – the largest global platform for the LGBTQ business community. Please do not contact the recruiter directly. Are you ready to accelerate your potential and make a real difference within life sciences, diagnostics and biotechnology? At Beckman Coulter Diagnostics, one of Danaher’s 15 operating companies, our work saves lives—and we’re all united by a shared commitment to innovate for tangible impact. You’ll thrive in a cult…"
5846723658,"Sr Manager, Software Engineering",Danaher,Bangalore,Karnataka,India,2026-08-18 18:03:43+00:00,"This job is with Danaher, an inclusive employer and a member of myGwork – the largest global platform for the LGBTQ business community. Please do not contact the recruiter directly. Bring more to life. Are you ready to accelerate your potential and make a real difference within life sciences, diagnostics and biotechnology? At Cytiva, one of Danaher’s 15 operating companies, our work saves lives—and we’re all united by a shared commitment to innovate for tangible impact. You’ll thrive in a cultu…"
5846723712,Senior Software Engineer,Morningstar,Mumbai,Maharashtra,India,2026-08-18 18:03:43+00:00,"This job is with Morningstar, an inclusive employer and a member of myGwork – the largest global platform for the LGBTQ business community. Please do not contact the recruiter directly. Position Title: Senior Software Engineer Team: Indexes Technology, Morningstar India Pvt Ltd The Area The Morningstar Indexes Team leverages its expertise in equity research, manager research, asset allocation, and portfolio construction to create innovative investment solutions. It uses Morningstar's intellectu…"
5846723671,Senior Software Engineer,Wise,Hyderabad,Telangana,India,2026-08-18 18:03:43+00:00,"This job is with Wise, an inclusive employer and a member of myGwork – the largest global platform for the LGBTQ business community. Please do not contact the recruiter directly. Wise is a global technology company, building the best way to move and manage the world’s money. Min fees. Max ease. Full speed. Whether people and businesses are sending money to another country, spending abroad, or making and receiving international payments, Wise is on a mission to make their lives easier and save t…"
5846723657,Lead Software Engineer,Morningstar,Mumbai,Maharashtra,India,2026-08-18 18:03:43+00:00,"This job is with Morningstar, an inclusive employer and a member of myGwork – the largest global platform for the LGBTQ business community. Please do not contact the recruiter directly. Lead Software Engineer ( Full Stack, Java, AWS ) Location: Vashi, Navi Mumbai The Role: At Morningstar, helping investors is what brings us together and drives our work. We are looking for a Lead Software Engineer who combines deep technical expertise with strong ownership and leadership. This role is critical i…"
5847959755,"Senior Associate II, Software Engineering - Development",Kyndryl,,,India,2026-08-19 14:04:56+00:00,"This job is with Kyndryl, an inclusive employer and a member of myGwork – the largest global platform for the LGBTQ business community. Please do not contact the recruiter directly. Who We Are At Kyndryl, we run and reimagine the mission-critical technology systems that drive advantage for the world's leading businesses. We are at the heart of progress; with proven expertise and a continuous flow of AI-powered insight, enabling smarter decisions, faster innovation, and a lasting competitive edg…"
5847959752,"Lead II, Software Engineering - Development",Kyndryl,,,India,2026-08-19 14:04:56+00:00,"This job is with Kyndryl, an inclusive employer and a member of myGwork – the largest global platform for the LGBTQ business community. Please do not contact the recruiter directly. Who We Are At Kyndryl, we run and reimagine the mission-critical technology systems that drive advantage for the world's leading businesses. We are at the heart of progress; with proven expertise and a continuous flow of AI-powered insight, enabling smarter decisions, faster innovation, and a lasting competitive edg…"
5847959794,"Senior Lead, Software Engineering - Development",Kyndryl,,,India,2026-08-19 14:05:00+00:00,"This job is with Kyndryl, an inclusive employer and a member of myGwork – the largest global platform for the LGBTQ business community. Please do not contact the recruiter directly. Who We Are At Kyndryl, we run and reimagine the mission-critical technology systems that drive advantage for the world's leading businesses. We are at the heart of progress; with proven expertise and a continuous flow of AI-powered insight, enabling smarter decisions, faster innovation, and a lasting competitive edg…"
5847959832,"Associate Director, Software Engineering - Development",Kyndryl,,,India,2026-08-19 14:05:02+00:00,"This job is with Kyndryl, an inclusive employer and a member of myGwork – the largest global platform for the LGBTQ business community. Please do not contact the recruiter directly. Who We Are At Kyndryl, we run and reimagine the mission-critical technology systems that drive advantage for the world's leading businesses. We are at the heart of progress; with proven expertise and a continuous flow of AI-powered insight, enabling smarter decisions, faster innovation, and a lasting competitive edg…"
5849297058,Senior Software Engineer,Kyndryl,Bangalore,Karnataka,India,2026-08-20 10:04:46+00:00,"This job is with Kyndryl, an inclusive employer and a member of myGwork – the largest global platform for the LGBTQ business community. Please do not contact the recruiter directly. Who We Are At Kyndryl, we run and reimagine the mission-critical technology systems that drive advantage for the world's leading businesses. We are at the heart of progress; with proven expertise and a continuous flow of AI-powered insight, enabling smarter decisions, faster innovation, and a lasting competitive edg…"
5849297091,Senior Software Engineer,Cornerstone OnDemand,Pune,Maharashtra,India,2026-08-20 10:04:49+00:00,"This job is with Cornerstone OnDemand, an inclusive employer and a member of myGwork – the largest global platform for the LGBTQ business community. Please do not contact the recruiter directly. Senior Software Engineer: About the Team : This role is for the Cloud Engineering team within Cornerstone. The Cloud Engineering team is responsible for creating & managing Cornerstone's Cloud infrastructure & all related DevOps tooling & automation. As a Principal Software Engineer, you will be respons…"
5849297101,Software Engineer- PLSQL -ACP,Avaloq,Pune,Maharashtra,India,2026-08-20 10:04:50+00:00,"This job is with Avaloq, an inclusive employer and a member of myGwork – the largest global platform for the LGBTQ business community. Please do not contact the recruiter directly. Company Description Founded and headquartered in Switzerland, Avaloq is continuously expanding its global footprint with around 2,500 colleagues in 10 countries, and more than 160 clients in 35 countries. We are an industry-leading provider of wealth management technology and services for financial institutions aroun…"
5852164463,Sr. Software Engineer 1,ABB,Bangalore,Karnataka,India,2026-08-22 12:06:24+00:00,"This job is with ABB, an inclusive employer and a member of myGwork – the largest global platform for the LGBTQ business community. Please do not contact the recruiter directly. At ABB, we help industries run leaner and cleaner—and every person here makes that happen. You’ll be empowered to lead, supported to grow, and proud of the impact we create together. Join us and help run what runs the world. This Position reports to: Chapter Lead Your role and responsibilities : In this role, you will h…"
5852164535,Software Engineer,ABB,Bangalore,Karnataka,India,2026-08-22 12:06:34+00:00,"This job is with ABB, an inclusive employer and a member of myGwork – the largest global platform for the LGBTQ business community. Please do not contact the recruiter directly. At ABB, we help industries run leaner and cleaner—and every person here makes that happen. You’ll be empowered to lead, supported to grow, and proud of the impact we create together. Join us and help run what runs the world. This Position reports to: Technical Director - Digital Software En ABB’s Process Automation busi…"
5852738450,Senior Software Engineer I,RX Global,Chennai,Tamil Nadu,India,2026-08-22 22:08:33+00:00,"This job is with RX Global, an inclusive employer and a member of myGwork – the largest global platform for the LGBTQ business community. Please do not contact the recruiter directly. About Team: RX Global aims to create unforgettable experiences for attendees and exhibitors through organizing events. Innovation, creativity, and collaboration drive the company to offer exceptional services to clients. About the role: The Senior Software Engineer I designs, builds, and delivers high-quality soft…"
5852738463,Software Engineer III,Elsevier,Chennai,Tamil Nadu,India,2026-08-22 22:08:36+00:00,"This job is with Elsevier, an inclusive employer and a member of myGwork – the largest global platform for the LGBTQ business community. Please do not contact the recruiter directly. Job Description Are you a Systems Engineer looking for an innovative role? Do you enjoy being part of a team that works with a diverse range of technology? About our Team: Elsevier Health applies innovation, facilitates insights, and helps drive more informed decision-making for our customers across global health. …"
5852738521,Software Engineer III,RX Global,Chennai,Tamil Nadu,India,2026-08-22 22:08:37+00:00,"This job is with RX Global, an inclusive employer and a member of myGwork – the largest global platform for the LGBTQ business community. Please do not contact the recruiter directly. About Team: RX Global aims to create unforgettable experiences for attendees and exhibitors through organizing events. Innovation, creativity, and collaboration drive the company to offer exceptional services to clients. About the role: A Software Engineer III is an individual contributor who delivers production-q…"
5854537768,"Specialist, Software Engineering",MSD,Hyderabad,Telangana,India,2026-08-25 00:07:36+00:00,"This job is with MSD, an inclusive employer and a member of myGwork – the largest global platform for the LGBTQ business community. Please do not contact the recruiter directly. Job Description Specialist: Software Engineering (Benchling Engineer) The Opportunity: Join a global biopharma company with a 130-year legacy and mission to achieve new milestones in healthcare. Be part of a technology-driven, data-led organization supporting a diversified portfolio of medicines, vaccines, and animal he…"
5855429421,Software Engineer (Java),S&P Global,,,India,2026-08-25 20:08:18+00:00,"This job is with S&P Global, an inclusive employer and a member of myGwork – the largest global platform for the LGBTQ business community. Please do not contact the recruiter directly. About the Role: Grade Level (for internal use): 08 The Team: The Foreseer team delivers digital transformation solutions at SPGMI for information extraction from structures and semi structured documents and websites. Foreseer is a human in the loop platform that combines latest AI/ML advances with a state of the …"
5856695673,Senior Software Engineer I,Elsevier,Chennai,Tamil Nadu,India,2026-08-26 16:10:01+00:00,"This job is with Elsevier, an inclusive employer and a member of myGwork – the largest global platform for the LGBTQ business community. Please do not contact the recruiter directly. Are you a Software Engineer looking for an innovative role? Do you enjoy being part of a team that works with a diverse range of technology? About our Team: Elsevier Health applies innovation, facilitates insights, and helps drive more informed decision-making for our customers across global health. We support heal…"
5857251120,Software Engineer - Cloud SRE,eBay,Bangalore,Karnataka,India,2026-08-27 02:10:26+00:00,"This job is with eBay, an inclusive employer and a member of myGwork – the largest global platform for the LGBTQ business community. Please do not contact the recruiter directly. At eBay, we're more than a global ecommerce leader - we're changing the way the world shops and sells. Our platform empowers millions of buyers and sellers in more than 190 markets around the world. We're committed to pushing boundaries and leaving our mark as we reinvent the future of ecommerce for enthusiasts. Our cu…"
5857251157,Software Engineer,eBay,Bangalore,Karnataka,India,2026-08-27 02:10:30+00:00,"This job is with eBay, an inclusive employer and a member of myGwork – the largest global platform for the LGBTQ business community. Please do not contact the recruiter directly. At eBay, we're more than a global ecommerce leader - we're changing the way the world shops and sells. Our platform empowers millions of buyers and sellers in more than 190 markets around the world. We're committed to pushing boundaries and leaving our mark as we reinvent the future of ecommerce for enthusiasts. Our cu…"
5857251145,"MTS 2, Software Engineer",eBay,Bangalore,Karnataka,India,2026-08-27 02:10:30+00:00,"This job is with eBay, an inclusive employer and a member of myGwork – the largest global platform for the LGBTQ business community. Please do not contact the recruiter directly. At eBay, we're more than a global ecommerce leader - we're changing the way the world shops and sells. Our platform empowers millions of buyers and sellers in more than 190 markets around the world. We're committed to pushing boundaries and leaving our mark as we reinvent the future of ecommerce for enthusiasts. Our cu…"
5857251177,Senior iOS Software Engineer,eBay,Bangalore,Karnataka,India,2026-08-27 02:10:36+00:00,"This job is with eBay, an inclusive employer and a member of myGwork – the largest global platform for the LGBTQ business community. Please do not contact the recruiter directly. At eBay, we're more than a global ecommerce leader - we're changing the way the world shops and sells. Our platform empowers millions of buyers and sellers in more than 190 markets around the world. We're committed to pushing boundaries and leaving our mark as we reinvent the future of ecommerce for enthusiasts. Our cu…"
5857251208,Software Engineer Streaming/Messaging,eBay,Bangalore,Karnataka,India,2026-08-27 02:10:40+00:00,"This job is with eBay, an inclusive employer and a member of myGwork – the largest global platform for the LGBTQ business community. Please do not contact the recruiter directly. At eBay, we're more than a global ecommerce leader - we're changing the way the world shops and sells. Our platform empowers millions of buyers and sellers in more than 190 markets around the world. We're committed to pushing boundaries and leaving our mark as we reinvent the future of ecommerce for enthusiasts. Our cu…"
5857982538,Software Engineer I,Danaher,Bangalore,Karnataka,India,2026-08-27 12:12:28+00:00,"This job is with Danaher, an inclusive employer and a member of myGwork – the largest global platform for the LGBTQ business community. Please do not contact the recruiter directly. Bring more to life. Are you ready to accelerate your potential and make a real difference within life sciences, diagnostics and biotechnology? At IDBS, one of Danaher’s 15 operating companies, our work saves lives—and we’re all united by a shared commitment to innovate for tangible impact. You’ll thrive in a culture…"
5857982590,Senior Software Engineer,Danaher,Bangalore,Karnataka,India,2026-08-27 12:12:36+00:00,"This job is with Danaher, an inclusive employer and a member of myGwork – the largest global platform for the LGBTQ business community. Please do not contact the recruiter directly. Bring more to life. Are you ready to accelerate your potential and make a real difference within life sciences, diagnostics and biotechnology? At IDBS, one of Danaher’s 15 operating companies, our work saves lives—and we’re all united by a shared commitment to innovate for tangible impact. You’ll thrive in a culture…"
5857982603,Software Engineer 3 – Platform Security,eBay,Bangalore,Karnataka,India,2026-08-27 12:12:37+00:00,"This job is with eBay, an inclusive employer and a member of myGwork – the largest global platform for the LGBTQ business community. Please do not contact the recruiter directly. At eBay, we're more than a global ecommerce leader - we're changing the way the world shops and sells. Our platform empowers millions of buyers and sellers in more than 190 markets around the world. We're committed to pushing boundaries and leaving our mark as we reinvent the future of ecommerce for enthusiasts. Our cu…"
5857982619,Sr MTS Software Engineer,eBay,Bangalore,Karnataka,India,2026-08-27 12:12:38+00:00,"This job is with eBay, an inclusive employer and a member of myGwork – the largest global platform for the LGBTQ business community. Please do not contact the recruiter directly. At eBay, we're more than a global ecommerce leader - we're changing the way the world shops and sells. Our platform empowers millions of buyers and sellers in more than 190 markets around the world. We're committed to pushing boundaries and leaving our mark as we reinvent the future of ecommerce for enthusiasts. Our cu…"
5858537731,Software Engineer 2 - Fullstack,eBay,Bangalore,Karnataka,India,2026-08-27 22:16:52+00:00,"This job is with eBay, an inclusive employer and a member of myGwork – the largest global platform for the LGBTQ business community. Please do not contact the recruiter directly. At eBay, we're more than a global ecommerce leader - we're changing the way the world shops and sells. Our platform empowers millions of buyers and sellers in more than 190 markets around the world. We're committed to pushing boundaries and leaving our mark as we reinvent the future of ecommerce for enthusiasts. Our cu…"
5858538829,Software Engineering Lead,RX Global,Chennai,Tamil Nadu,India,2026-08-27 22:17:05+00:00,"This job is with RX Global, an inclusive employer and a member of myGwork – the largest global platform for the LGBTQ business community. Please do not contact the recruiter directly. Summary The Software Engineering Lead is a hands-on subject matter expert, engineering leader and people manager responsible for a cross-functional team delivering a defined set of products and services. This role combines technical leadership, delivery ownership, and people management . The Lead sets technical di…"
5858538919,Senior Software Engineer,S&P Global,,,India,2026-08-27 22:17:06+00:00,"This job is with S&P Global, an inclusive employer and a member of myGwork – the largest global platform for the LGBTQ business community. Please do not contact the recruiter directly. About the Role: Grade Level (for internal use): 10 The Role: Engineer III, Software Engineering Team: Enterprise Data Organization | Distribution and Data Platforms - Data Management Tech | Internal Knowledge Platforms Role Summary: Reporting to the Associate Director, Internal Knowledge Platforms, the Engineer I…"
